#{"t_start": 1787011359.127397, "env_id": "Humanoid-v4"}
r,l,t
94.756875,19,1.207769
95.215046,19,1.22173
100.593244,20,1.23669
127.820956,25,1.25564
88.330594,18,1.269602
83.591152,17,1.28157
98.859616,20,1.298525
83.381021,17,1.31149
170.45042,35,1.338418
121.243153,24,1.35637
111.671037,22,1.376317
163.140437,31,1.400253
125.184326,25,1.421197
88.250435,18,1.434162
83.269785,17,1.44613
118.467389,23,1.464082
111.62303,22,1.480039
122.505154,24,1.497991
107.426974,21,1.513948
94.296827,19,1.529906
178.835526,37,1.56182
122.206332,26,1.581767
115.900555,23,1.598722
101.821651,20,1.612684
102.446076,21,1.627644
113.615593,22,1.646594
114.065244,23,1.663548
170.355683,33,1.689478
123.287344,24,1.706433
128.677068,25,1.725383
95.691506,19,1.745329
83.417064,17,1.757298
95.286904,19,1.77126
115.901211,23,1.789212
89.473858,18,1.802177
115.348062,23,1.820129
211.08658,43,1.856033
135.489569,27,1.875979
134.110939,26,1.895926
105.952651,21,1.911883
114.515533,23,1.931831
89.001374,18,1.949782
211.803291,43,1.991671
129.83686,26,2.010619
88.761466,18,2.024583
132.143327,26,2.043531
109.438994,22,2.060486
147.434316,28,2.084421
107.129801,21,2.100379
131.509851,26,2.120326
106.983075,21,2.139275
303.820377,60,2.188144
105.843578,21,2.204101
182.486589,36,2.232027
153.615183,30,2.254965
117.446268,23,2.27192
145.299793,28,2.292864
83.634699,17,2.306827
122.134604,25,2.325776
93.818666,19,2.339738
83.142284,17,2.354698
88.662863,18,2.367664
161.653836,32,2.392597
167.372579,33,2.420522
141.787642,28,2.441467
141.650369,28,2.46241
96.167007,19,2.476372
96.370351,19,2.489338
94.87296,19,2.5033
83.611282,17,2.515268
131.222384,26,2.539205
138.479489,27,2.560148
122.972819,25,2.5781
128.420599,25,2.59705
152.312007,33,2.621983
117.48736,24,2.64193
112.328738,22,2.657887
106.317372,21,2.673845
126.916496,25,2.692794
112.457876,22,2.708751
105.88875,21,2.7277
90.305315,18,2.74266
107.312714,21,2.758618
88.580406,18,2.775572
89.782007,18,2.788537
101.029353,20,2.803497
101.634922,20,2.81746
150.969171,29,2.839401
117.834641,23,2.85835
112.169273,22,2.874308
123.287971,24,2.896249
100.402591,20,2.911209
131.349516,25,2.930158
185.508082,36,2.957087
110.727022,22,2.975039
89.379058,18,2.988004
158.536135,31,3.012937
83.793742,17,3.024905
138.283336,28,3.045849
94.918051,19,3.059811
154.529529,31,3.088734
101.461041,20,3.103694
152.626534,32,3.128627
100.116483,20,3.143587
123.290231,25,3.162536
118.301203,23,3.179491
94.987388,19,3.194451
130.161806,26,3.214397
84.908052,17,3.227363
89.471717,18,3.239331
139.824872,27,3.263267
89.824568,18,3.276232
160.108662,32,3.302162
95.482489,19,3.316125
95.511223,19,3.330088
139.495006,28,3.352029
83.428698,17,3.363997
83.987945,17,3.375965
88.085624,18,3.388931
125.339,25,3.409875
131.021393,26,3.431816
155.498679,31,3.455752
83.219987,17,3.46772
140.72733,28,3.488663
161.08669,33,3.514594
205.757709,41,3.552493
95.688211,19,3.566455
216.162897,41,3.59837
101.06604,20,3.61333
133.592601,26,3.634274
95.894782,19,3.651228
137.371005,27,3.671175
116.695824,23,3.68813
95.698378,19,3.702092
113.748894,22,3.719047
83.61197,17,3.731015
94.73105,19,3.746972
94.286368,19,3.760935
90.535334,18,3.773901
83.463577,17,3.785868
83.630689,17,3.801825
237.236413,46,3.837729
167.318322,33,3.86366
143.667393,28,3.884604
119.480736,24,3.902556
170.694463,33,3.927489
88.274589,18,3.940454
109.962417,22,3.956412
101.40898,20,3.973366
123.330458,24,3.991319
124.543585,25,4.01326
115.995352,23,4.030214
152.155955,31,4.05415
146.28389,28,4.077089
144.676939,28,4.09903
91.984163,19,4.112993
83.555082,17,4.125958
139.142704,27,4.145905
130.976797,28,4.166848
123.951025,24,4.1848
131.90248,26,4.209734
172.472486,34,4.235664
83.50323,17,4.247632
101.121528,20,4.262592
126.708267,26,4.281541
153.931826,31,4.306475
88.397786,18,4.336395
139.316962,28,4.357339
89.523091,18,4.370304
136.677469,28,4.391248
105.824175,21,4.412192
109.641145,22,4.429147
159.968788,34,4.455077
189.739672,36,4.483002
126.234014,25,4.502949
88.68283,18,4.515914
133.028754,28,4.538853
83.326027,17,4.550821
95.181245,19,4.564783
100.463413,20,4.579744
89.120463,18,4.595701
122.703478,24,4.613653
142.645714,28,4.636591
123.745086,25,4.65554
89.74393,18,4.668506
88.411956,18,4.681472
105.804376,21,4.697429
137.447952,28,4.718372
140.101405,28,4.747296
119.218653,23,4.765247
83.56899,17,4.781204
83.139814,17,4.793172
88.367082,18,4.806138
136.173265,28,4.827081
106.49,21,4.843039
229.336591,44,4.87994
132.961055,26,4.898889
122.21962,24,4.916841
83.5615,17,4.928809
105.408726,21,4.944767
146.553871,28,4.970697
109.424375,22,4.986655
106.671299,21,5.001614
118.518383,23,5.018569
94.734975,19,5.032531
174.275205,35,5.058462
106.651547,22,5.075417
89.003293,18,5.090377
94.742081,19,5.10434
150.812111,30,5.13027
99.69601,20,5.149219
140.335119,27,5.169166
88.296086,18,5.182131
146.343925,28,5.20507
108.043976,21,5.221027
149.618087,30,5.242969
94.588695,19,5.256931
83.566975,17,5.268899
83.614286,17,5.280867
95.688917,19,5.29483
136.454671,28,5.319763
117.076378,23,5.337715
89.807565,18,5.35068
94.801012,19,5.364643
89.791081,18,5.377608
108.452718,22,5.393565
128.556093,25,5.413512
115.96493,23,5.430468
152.423973,32,5.4554
88.325687,18,5.468365
109.004076,22,5.488312
101.336241,20,5.502275
130.471958,25,5.524216
107.102461,21,5.539176
128.01859,25,5.558125
138.912937,30,5.581064
174.275524,34,5.607992
130.097896,25,5.625944
146.186923,29,5.64988
106.362948,21,5.665837
90.362962,18,5.681794
95.61308,19,5.695757
94.224363,19,5.70972
129.862955,26,5.729666
95.736047,19,5.745623
191.904329,37,5.77355
113.475524,22,5.790504
194.914215,37,5.819426
106.362583,21,5.834386
155.488751,31,5.860316
94.910287,19,5.877271
133.706253,26,5.900209
105.593231,21,5.916167
107.016438,21,5.932124
174.731611,34,5.958055
140.468801,27,5.979996
110.601329,22,5.995954
95.709551,19,6.009916
206.227466,41,6.041831
141.659417,28,6.062774
144.437208,28,6.088705
147.100249,29,6.111644
148.258389,30,6.134582
159.691236,32,6.157521
106.654098,21,6.173478
105.085271,21,6.190433
88.509494,18,6.204396
88.240223,18,6.217361
100.574766,20,6.231323
138.506373,26,6.25127
88.868435,18,6.267227
95.579302,19,6.28119
83.803023,17,6.293158
152.391617,30,6.317094
123.713461,24,6.335046
83.568443,17,6.347014
102.205714,20,6.361974
83.690743,17,6.373942
124.113378,24,6.391894
83.481919,17,6.403862
94.637144,19,6.422811
128.577662,25,6.440763
143.626659,28,6.461707
94.444045,19,6.47567
145.581386,31,6.499606
145.376674,30,6.523541
153.210538,30,6.54648
138.806289,27,6.567424
89.204223,18,6.580389
134.254714,26,6.599339
100.447994,20,6.61729
196.130927,38,6.648208
83.240756,17,6.661173
197.88204,41,6.697077
222.89048,42,6.729989
118.104239,23,6.748938
95.132997,19,6.762901
187.422946,37,6.791823
153.507122,32,6.815759
121.254308,24,6.833711
140.416001,28,6.860639
133.912119,26,6.879588
118.435829,23,6.896543
117.411286,23,6.913498
106.776783,21,6.929455
112.792861,22,6.94641
152.225198,29,6.970345
96.599793,19,6.984308
175.514309,35,7.011236
102.059502,20,7.026197
105.514941,21,7.045146
89.300276,18,7.058111
121.475555,24,7.078057
97.484179,20,7.093017
89.252108,18,7.105983
195.901649,39,7.1369
117.379842,23,7.153855
128.598611,26,7.173801
118.170645,23,7.191753
101.293982,20,7.206714
96.753062,19,7.223668
157.149229,31,7.247603
89.404564,18,7.260569
154.917089,31,7.284505
100.717337,20,7.300462
100.990561,20,7.315422
94.42639,19,7.329385
126.758493,25,7.348334
95.328225,19,7.362297
230.761114,47,7.399198
118.970255,23,7.425129
88.234683,18,7.438094
184.142164,38,7.482974
78.505724,16,7.494942
88.724046,18,7.507908
94.96656,19,7.523865
88.375165,18,7.537827
89.026315,18,7.553784
190.956251,38,7.584702
146.691256,28,7.606643
155.369236,31,7.635565
101.518838,20,7.651523
100.026139,20,7.666483
126.956147,25,7.690419
129.222463,26,7.709368
175.970771,34,7.734302
161.728149,33,7.764222
111.790932,22,7.784168
100.900538,20,7.801122
113.382121,23,7.81708
187.952931,38,7.850989
128.293363,25,7.869938
96.173259,19,7.883901
88.812171,18,7.896866
115.8721,24,7.914818
118.757485,23,7.93277
95.296895,19,7.945735
118.325144,23,7.964684
83.353569,17,7.976653
123.829654,24,7.994604
105.695214,21,8.012556
88.261639,18,8.026519
131.084648,26,8.045468
101.78864,21,8.061425
95.377354,19,8.077383
171.050696,36,8.105308
171.579768,37,8.133234
148.401356,30,8.155175
147.263591,29,8.176119
143.978495,28,8.199057
133.936629,26,8.220999
138.489704,28,8.241943
191.903438,39,8.275852
176.792207,35,8.305772
83.365222,17,8.317739
111.373985,22,8.334694
107.930859,22,8.350652
121.918204,24,8.368603
154.932657,34,8.395531
125.304833,24,8.415478
117.464522,23,8.435425
132.972791,26,8.455371
126.3205,25,8.474321
95.778415,19,8.488283
95.363306,19,8.501248
90.129067,18,8.516208
171.098552,33,8.542139
159.57412,31,8.566075
135.885583,27,8.587019
146.671922,28,8.607963
83.858926,17,8.624918
136.843023,26,8.644864
124.193994,25,8.663813
117.659994,24,8.680768
207.925636,40,8.711685
83.097728,17,8.724651
194.892517,40,8.756566
186.831416,37,8.785488
88.521002,18,8.798453
159.453814,31,8.821392
88.759648,18,8.837349
124.023173,25,8.858293
173.223147,34,8.884223
162.186378,33,8.910154
83.511197,17,8.922122
119.713561,24,8.941072
127.76987,25,8.962015
127.693212,26,8.980965
90.654003,18,8.994927
125.898683,25,9.012879
124.606843,24,9.033823
89.250568,18,9.44971
118.17178,23,9.788803
153.588514,30,10.220647
163.838289,34,10.712331
181.864779,37,11.249893
173.475861,34,11.759529
88.534841,18,12.025816
95.897501,19,12.310057
95.681602,19,12.591302
83.468646,17,12.853601
107.514776,21,13.171749
298.337043,57,14.041422
95.890445,19,14.33364
123.171802,24,14.698663
160.068364,31,15.169403
83.524908,17,15.430703
161.820442,32,15.927375
129.828303,25,16.318328
99.870257,20,16.624509
95.583875,19,16.918721
83.523893,17,17.18102
116.391005,23,17.534075
83.480601,17,17.813327
138.179334,28,18.248163
98.01559,20,18.558333
89.682756,18,18.833596
89.815918,18,19.114844
100.958964,20,19.422022
143.537929,28,19.85586
95.103917,19,20.154063
89.671304,18,20.432318
89.168496,18,20.705587
186.723513,36,21.264092
89.212359,18,21.542347
93.993333,19,21.835562
107.09966,21,22.160692
193.266453,38,22.750116
242.355715,48,23.495121
181.278302,38,24.084543
134.049352,26,24.492452
111.40351,22,24.833539
251.017805,47,25.570567
130.243807,25,25.952544
196.446273,40,26.572885
178.74707,34,27.100472
327.400856,63,28.068881
295.21391,54,28.903646
199.306682,42,29.550914
305.66221,58,30.446517
131.783021,28,30.892324
254.508274,47,31.618381
123.276714,26,32.0223
342.649993,64,33.005669
175.336607,33,33.514307
271.936146,54,34.353062
216.446794,41,34.994346
421.986581,78,36.196131
165.85139,35,36.739675
243.711046,45,37.440799
251.200896,47,38.171843
286.911342,54,39.011595
489.245879,100,40.576407
275.09148,54,41.415164
191.120968,37,41.986633
268.716324,52,42.796465
436.133447,79,44.022186
260.276637,50,44.797111
398.153551,74,45.95601
244.119921,53,46.773822
270.800787,56,47.658454
307.92984,59,48.574003
416.2992,79,49.797729
457.381395,90,51.186013
331.784677,62,52.14744
226.68447,43,52.817648
276.526023,53,53.641442
298.567752,61,54.58791
600.6637,113,56.340219
315.993686,61,57.280702
225.812074,42,57.945922
260.486976,54,58.781685
279.599842,56,59.659337
313.621964,66,60.701547
705.254323,133,62.606449
367.190321,74,63.681572
271.256774,54,64.481431
216.932702,43,65.116731
420.713613,79,66.295576
293.724418,54,67.098428
347.330819,73,68.213443
462.121628,93,69.674533
298.137355,55,70.50531
266.83544,49,71.2563
277.072488,57,72.069124
446.233613,88,73.334738
311.835616,64,74.282202
286.848084,52,75.053138
322.340246,64,76.010576
254.757943,46,76.695743
340.164924,73,77.812753
252.080534,51,78.584687
234.405321,43,79.232952
243.711915,44,79.900167
239.032613,44,80.5604
228.408147,43,81.205673
337.537158,64,82.174081
414.638356,85,83.465625
322.692414,66,84.467942
722.569935,143,86.637137
183.738249,36,87.19265
185.08549,36,87.746169
160.600447,32,88.228877
183.917047,36,88.770427
179.569,35,89.295024
170.126193,34,89.805657
226.86118,43,90.45492
178.334,35,90.983505
252.591622,47,91.688618
274.436948,52,92.429636
220.411872,42,93.041996
265.177704,51,93.767055
248.585963,46,94.442248
300.048109,58,95.294966
312.418576,68,96.310249
263.706883,55,97.135042
267.643956,57,97.992746
299.245581,63,98.943203
256.304845,52,99.736081
310.315155,72,100.84212
303.34897,60,101.76166
332.841988,65,102.745028
373.623589,74,103.874006
290.25926,56,104.723732
361.392011,64,105.688151
333.976885,63,106.632624
377.52138,74,107.756615
240.055807,48,108.479681
417.523213,80,109.699416
592.698785,117,111.477657
304.486859,59,112.377249
259.444722,47,113.07937
215.79624,44,113.741598
225.015194,43,114.392855
395.108168,73,115.499892
423.675159,79,116.703671
237.760853,46,117.396816
274.649857,53,118.195678
466.580282,90,119.563019
318.757995,63,120.523448
295.885972,62,121.475899
341.02751,67,122.495171
283.178897,57,123.308993
287.752486,62,124.202602
328.7421,72,125.236834
268.500843,65,126.200256
258.438313,63,127.138744
253.281192,58,128.001436
264.352755,59,128.888062
262.705283,59,129.804611
360.873366,83,131.088175
344.986628,71,132.166289
365.454119,75,133.299257
324.288949,67,134.327505
348.949025,76,135.494382
320.053364,70,136.553548
305.701145,58,137.431199
347.83715,68,138.463437
404.683243,77,139.629316
406.319322,84,140.913878
255.664094,48,141.647914
476.632492,87,142.966385
412.284211,83,144.22003
489.947937,94,145.657184
633.373983,126,147.573056
477.947264,98,149.064066
447.743536,91,150.44138
248.975605,50,151.205336
372.692599,69,152.243557
298.069572,53,153.043416
238.145013,49,153.825324
477.589451,91,155.198649
273.975135,50,155.942657
311.448344,59,156.835268
338.42338,62,157.773757
311.256243,59,158.661381
210.517266,39,159.250804
235.398042,43,159.899069
383.539159,74,161.016079
364.243237,80,162.251772
358.301668,68,163.283013
279.605986,59,164.172632
330.420077,60,165.079206
346.219243,71,166.154328
263.164985,52,166.94621
251.613954,49,167.686229
537.404329,99,169.190203
531.465316,96,170.647304
400.414393,74,171.767307
288.029671,54,172.587112
288.788161,54,173.408913
305.803816,65,174.391284
256.5418,47,175.101384
218.79357,42,175.736684
235.461004,43,176.384948
290.670717,55,177.237666
264.836167,48,177.964721
358.057566,66,178.966041
432.057152,81,180.19575
445.816103,83,181.446403
324.499347,59,182.357963
336.574221,62,183.293459
363.129476,69,184.341656
269.49978,55,185.174426
543.749008,95,186.616566
358.183366,68,187.641822
283.157402,51,188.419741
516.698405,98,189.905763
288.14525,53,190.723575
239.049531,44,191.405749
298.684784,55,192.257469
366.239858,66,193.257792
193.61382,37,193.818292
371.905548,68,194.85452
264.555058,49,195.594539
335.78481,62,196.53203
261.469776,49,197.272049
338.380834,60,198.181615
313.80296,54,199.00541
254.720422,47,199.711521
347.476059,63,200.675939
325.731593,59,201.561569
300.219348,56,202.398331
431.321517,89,203.754701
463.664283,86,205.05123
347.884813,65,206.031607
415.425366,76,207.182526
367.058948,81,208.404256
266.053721,53,209.200126
304.706003,60,210.112684
273.230344,67,211.135946
277.519755,60,212.044514
297.300217,64,213.017909
361.143169,79,214.208722
248.088256,55,215.052464
292.839217,57,215.916153
399.135631,76,217.06807
336.758939,64,218.034483
280.155909,53,218.839329
469.049751,91,220.217641
235.756963,45,220.91278
419.518783,79,222.139498
395.928213,72,223.234567
342.186782,64,224.197989
401.146431,73,225.314999
382.211905,71,226.392116
689.485466,130,228.360848
373.974573,67,229.37613
349.356454,65,230.363488
349.682729,63,231.32292
366.984148,68,232.361142
349.982706,63,233.317582
340.358849,65,234.305937
382.62527,72,235.399012
387.937803,75,236.541953
403.874501,73,237.653977
210.414661,45,238.330167
225.901952,44,239.001371
205.579251,43,239.649636
287.624252,58,240.52629
229.550998,49,241.278277
215.349105,52,242.072153
187.517309,43,242.721415
196.242274,44,243.386635
276.932964,65,244.368008
215.435841,50,245.122988
205.764189,46,245.820122
195.620953,45,246.498307
178.083983,39,247.089724
188.539262,42,247.723029
239.990654,55,248.565774
209.974265,49,249.309783
230.207713,52,250.093685
278.834402,64,251.06708
254.756708,56,251.951712
211.222215,44,252.626905
215.624524,43,253.273176
492.073566,93,254.688388
346.49555,64,255.668765
299.615042,58,256.543424
428.7678,81,257.780114
430.919828,79,258.973919
259.396579,47,259.686013
524.432399,103,261.248831
338.105233,63,262.201282
305.525936,57,263.062976
474.931771,84,264.330583
415.380614,77,265.500453
337.941486,61,266.42797
400.765085,74,267.552959
409.441837,74,268.688919
410.998936,75,269.815903
375.060086,71,270.892023
307.770482,56,271.749727
447.981229,95,273.191868
396.065883,72,274.278959
446.844168,84,275.550556
391.124891,75,276.685519
278.937935,60,277.595084
322.531964,73,278.712095
308.143198,63,279.678509
228.189632,46,280.375643
252.217255,55,281.203427
360.266412,70,282.262593
275.588474,61,283.216041
312.847808,68,284.252268
356.834829,66,285.247604
337.256575,67,286.253911
396.895934,71,287.326041
330.676,62,288.261538
491.555273,88,289.608932
728.93272,133,291.624538
314.338039,61,292.543079
483.684925,92,293.938345
414.206045,75,295.080289
461.735577,86,296.380808
374.756793,81,297.60952
388.093891,87,298.938962
387.776771,86,300.257434
553.619741,114,301.989797
404.200962,77,303.162659
602.213448,117,304.930926
361.628511,67,305.953191
414.918209,76,307.102116
361.455597,72,308.190203
435.501549,89,309.534606
273.488295,49,310.275622
298.176829,54,311.092437
278.115279,56,311.947149
457.035569,103,313.566815
285.117679,61,314.501313
375.892748,72,315.587407
622.448394,132,317.602015
425.656283,79,318.790833
284.706993,60,319.701396
393.141788,73,320.799458
319.497095,64,321.769861
291.312388,57,322.640531
299.508213,63,323.593979
281.248785,53,324.396831
319.620814,63,325.360252
363.865469,70,326.417423
249.086545,46,327.109571
422.960466,81,328.341274
537.454839,118,330.123504
414.081762,85,331.412056
377.41914,72,332.499146
612.526575,115,334.243478
409.57076,82,335.486152
309.072457,58,336.361809
326.610665,61,337.301295
591.495642,116,339.052608
283.741877,53,339.862441
347.827108,64,340.825862
384.690633,71,341.895998
300.104983,55,342.733756
401.130158,76,343.910607
358.406522,66,344.924892
391.457244,73,346.034921
321.76604,59,346.927532
465.454584,90,348.294873
381.457641,72,349.380966
426.733115,91,350.772243
496.057588,91,352.139584
256.269653,56,352.98931
225.870523,49,353.728332
412.2475,88,355.054782
235.475029,52,355.839681
339.827977,73,356.942729
316.17822,69,357.983943
415.652829,80,359.216644
431.528951,88,360.549078
454.870369,84,361.817683
327.230356,69,362.863883
331.468136,60,363.770456
498.662386,92,365.159739
225.333046,44,365.818974
324.917075,61,366.744497
488.787833,98,368.212568
539.082324,114,369.939945
487.681061,97,371.412006
477.869677,101,372.944903
333.944712,76,374.136714
336.542581,71,375.220814
421.429109,91,376.592142
214.834021,45,377.274317
515.985478,106,378.885006
272.614053,57,379.743708
256.544878,54,380.574485
256.78302,56,381.425208
235.773488,51,382.203126
278.183193,58,383.083769
314.67957,69,384.130966
350.565536,70,385.192127
225.578643,50,385.946109
223.79096,48,386.668176
383.018233,76,387.81012
264.076941,56,388.662838
200.08955,45,389.351994
560.254439,109,390.998587
318.289628,73,392.117592
357.068966,76,393.258539
340.563516,76,394.413449
369.658767,74,395.532453
468.313813,88,396.858903
502.511765,99,398.356894
412.148301,89,399.714262
422.487026,87,401.039714
440.829727,80,402.246485
357.70461,66,403.248802
371.499622,69,404.324922
324.252116,60,405.241469
347.71878,64,406.214864
352.670285,64,407.187262
358.078473,67,408.205537
348.141654,64,409.17594
321.736936,59,410.074535
251.216494,48,410.799594
326.591806,61,411.738083
323.80874,60,412.649643
343.195036,62,413.593118
309.854675,57,414.45182
333.787247,60,415.364378
349.09543,64,416.345751
370.62753,66,417.342085
511.120267,99,418.844066
382.866852,70,419.90722
482.502728,86,421.207739
474.170398,92,422.608989
378.785178,70,423.663168
556.347185,102,425.220002
607.46692,121,427.056087
670.906392,128,428.998888
834.557673,152,431.289757
781.579702,156,433.662407
691.228931,119,435.509464
425.498248,76,436.651408
562.798456,100,438.170343
550.141378,106,439.777043
678.633401,125,441.670974
346.854887,65,442.665313
564.987019,109,444.315896
381.375241,73,445.418944
382.612481,69,446.466141
425.873212,80,447.666928
333.486512,63,448.61539
359.965786,66,449.610725
370.620854,66,450.622019
379.532888,78,451.803856
446.833798,84,453.078445
307.396743,56,453.934155
403.287073,83,455.194782
466.511945,86,456.498293
190.027077,39,457.082729
320.110789,65,458.065099
233.050879,49,458.80512
321.993311,67,459.819405
456.680281,92,461.219657
242.775622,51,461.993586
539.973344,103,463.555406
277.852427,60,464.468961
329.624516,71,465.596943
411.181198,89,466.948326
460.247466,82,468.188008
365.288372,77,469.354885
317.430369,65,470.34324
298.742052,58,471.222886
312.395562,64,472.20027
335.198074,67,473.215553
348.937616,71,474.290676
329.168198,64,475.262076
318.552156,64,476.23946
452.887,86,477.544966
642.581323,115,479.288301
526.608027,112,480.993737
534.328501,112,482.690197
431.152581,85,483.989719
548.939265,103,485.550541
381.910249,71,486.626662
541.760949,103,488.187485
430.483633,81,489.430159
334.305438,72,490.516252
467.108491,91,491.893566
332.863278,72,492.989633
443.32572,83,494.244275
541.001595,122,496.138206
522.838238,103,497.700027
521.464702,95,499.145159
328.685059,73,500.244217
350.969627,74,501.367212
497.635973,92,502.757493
483.626447,91,504.145776
439.226025,99,505.646759
518.528001,114,507.375134
868.658819,166,509.897383
363.69019,74,511.02337
318.321024,68,512.052616
340.501952,66,513.051941
398.016416,74,514.17294
392.814195,73,515.28297
417.473618,92,516.691201
329.548854,62,517.629689
253.423678,49,518.372701
393.897442,76,519.525615
565.900216,102,521.075468
205.731089,41,521.692815
509.980929,88,523.04021
379.23159,79,524.23202
617.60693,127,526.173823
497.467946,96,527.628929
286.642005,58,528.519545
560.545388,109,530.169131
640.426805,133,532.200694
248.244742,56,533.052414
438.315043,96,534.508517
364.126631,72,535.599597
300.751207,56,536.443339
346.103435,75,537.581294
404.4649,84,538.864858
350.993891,75,540.005805
359.213321,67,541.032059
453.37802,84,542.314626
315.094452,60,543.229178
471.833979,98,544.710215
351.276972,64,545.674634
280.246734,54,546.493443
399.315181,77,547.654336
249.790979,50,548.413304
460.874174,84,549.681909
578.173504,108,551.334487
617.683074,115,553.077821
1112.759869,200,556.12367
550.147927,102,557.714412
640.86103,120,559.539528
669.149503,139,561.647885
401.545928,74,562.773872
490.832909,90,564.143207
329.572442,70,565.211349
293.146967,54,566.032152
288.762057,52,566.817051
238.73409,46,567.520169
502.448254,88,568.855596
411.362248,72,569.945678
339.613008,62,570.896135
324.652728,62,571.842602
392.34928,76,572.998509
331.114557,60,573.906079
520.446613,101,575.430001
509.027475,89,576.787368
299.215614,59,577.678982
272.591365,50,578.443935
460.007321,85,579.729494
436.498768,87,581.055944
382.240014,83,582.321557
397.045436,73,583.433581
431.638826,81,584.657306
278.29294,60,585.568867
334.583186,61,586.492395
304.954538,60,587.429886
352.372183,69,588.479078
441.99183,87,589.798548
292.092049,55,590.632316
344.588921,63,591.587759
346.122994,64,592.558161
400.254981,73,593.661209
304.431611,60,594.573767
326.776632,60,595.486325
330.792216,63,596.438776
320.757535,57,597.297478
304.389659,61,598.219012
281.344343,52,599.020866
396.423808,86,600.32338
289.005589,58,601.202028
297.865068,57,602.071701
361.302162,68,603.104935
290.053119,54,603.931724
344.130136,71,605.001859
358.565091,69,606.045067
498.245788,95,607.487207
339.097665,71,608.556346
440.620184,85,609.853874
448.650001,84,611.136441
414.808437,76,612.285366
258.388767,54,613.109162
827.239613,161,615.53866
557.058313,102,617.08552
689.084128,132,619.141019
642.604989,121,620.978102
388.81276,78,622.167918
439.802727,96,623.631002
353.586695,75,624.790898
594.530721,121,626.63596
402.5971,80,627.84672
358.272646,72,628.938798
328.476045,61,629.855345
325.481099,63,630.807796
311.713363,57,631.675473
393.657508,75,632.813428
591.750352,115,634.558757
475.345733,87,635.878226
441.91985,83,637.152814
337.782386,61,638.074349
325.132573,61,639.000869
309.899748,66,640.004184
485.659947,92,641.396457
515.078131,114,643.126828
249.082308,55,643.956606
457.945095,94,645.371819
446.149193,102,646.922668
519.26281,101,648.473517
383.339299,71,649.559611
462.031846,91,650.933933
459.956876,95,652.373082
265.135601,61,653.309575
311.719383,70,654.371732
293.235575,65,655.358093
628.416225,123,657.229085
379.658505,84,658.504672
440.36594,83,659.774274
466.377837,92,661.170537
552.474457,103,662.733355
695.33942,139,664.839717
394.298318,80,666.050477
638.042014,126,667.955379
494.589668,94,669.370592
634.314542,135,671.421104
618.278727,114,673.1415
469.024816,92,674.536766
485.54138,99,676.043733
485.667943,88,677.388134
518.115444,94,678.875155
490.915078,95,680.328266
362.990869,76,681.472204
587.51157,108,683.111817
433.390109,81,684.338533
396.459875,75,685.470504
383.559909,68,686.506731
392.930415,73,687.614765
582.50438,111,689.296265
650.109729,131,691.271978
271.671058,61,692.212461
607.443567,121,694.048548
490.71697,89,695.399931
475.336682,87,696.720396
348.884527,68,697.755626
478.517137,87,699.072103
611.828418,112,700.767565
456.735269,94,702.194746
445.674151,96,703.650849
254.499878,54,704.475641
424.359509,84,705.761201
524.954696,97,707.23027
418.000945,78,708.435045
204.523604,41,709.057379
389.616967,79,710.258166
403.384143,85,711.543726
244.113368,49,712.289729
352.248519,67,713.304014
314.684598,72,714.395094
407.82786,87,715.730521
558.517097,108,717.390079
407.989254,77,718.556956
350.274634,80,719.7737
305.511922,66,720.779009
385.431021,73,721.887044
584.163977,99,723.390022
502.729596,99,724.907959
327.606934,62,725.848442
304.572532,62,726.795907
544.380676,111,728.476409
405.572991,75,729.621345
356.323735,77,730.791214
367.904956,79,732.026907
457.071509,90,733.39724
583.839105,114,735.128606
519.593196,109,736.787168
366.38647,68,737.816413
415.901474,82,739.076042
496.150121,100,740.63487
353.084801,69,741.697027
600.775779,104,743.294752
541.419874,105,744.888486
434.470982,94,746.317661
425.514879,84,747.598234
472.505372,93,749.005468
490.681891,90,750.374804
427.021264,84,751.651387
563.808084,108,753.29798
652.932214,125,755.195901
598.747579,113,756.904329
564.085903,117,758.691546
244.590394,55,759.528306
390.95806,72,760.614399
507.077921,97,762.087458
460.120201,94,763.505662
472.189612,92,764.906912
472.037709,85,766.198455
297.650348,63,767.154895
570.585377,105,768.751622
667.032115,116,770.540834
256.904983,50,771.3008
486.179202,96,772.748924
313.637297,68,773.783157
542.264824,101,775.318049
516.39428,98,776.805069
447.441984,82,778.048741
445.682317,82,779.287426
428.037897,82,780.522121
857.181063,154,782.849892
486.777198,86,784.153403
466.305106,107,785.798999
640.099219,114,787.524382
412.058274,77,788.706218
338.235102,77,789.880077
538.996016,101,791.418959
359.673612,72,792.524999
481.602593,91,793.913283
329.327334,63,794.865734
629.620387,123,796.728748
685.019207,120,798.561842
446.40895,84,799.845407
436.839956,77,801.053175
1012.943636,182,803.840715
711.323457,132,805.855323
487.655685,90,807.223661
356.02963,72,808.316736
374.590171,82,809.567389
452.034814,98,811.06538
556.567861,104,812.643157
330.458193,78,813.836962
496.11277,103,815.423716
304.480392,70,816.489862
507.280564,103,818.059661
404.784444,87,819.393093
431.277415,88,820.748465
424.373534,100,822.268398
221.678768,53,823.072247
259.474187,59,823.965855
260.326925,60,824.881404
357.73071,85,826.178932
294.384179,66,827.196209
421.352732,83,828.455838
383.133701,85,829.741398
327.575965,77,830.934206
237.736491,52,831.719105
383.855461,81,832.953801
492.64003,100,834.482709
303.356502,69,835.533896
707.222782,144,837.730018
252.323731,54,838.54384
555.73545,106,840.168492
471.911585,83,841.424132
551.059382,100,842.952043
333.017995,65,843.940398
486.651658,100,845.46033
535.43531,110,847.130859
335.310797,65,848.127193
332.90884,63,849.098593
407.479857,74,850.231561
403.311072,78,851.421377
543.22011,96,852.890445
649.160667,118,854.683646
409.50871,77,855.857505
517.157892,103,857.428301
508.848464,93,858.844511
498.071223,96,860.3056
441.659719,96,861.803591
618.37679,125,863.711485
414.455057,83,864.983082
523.727577,100,866.516977
431.383056,91,867.914238
504.20845,108,869.561828
355.7792,72,870.652908
398.365758,79,871.865663
263.005522,51,872.639591
567.964092,119,874.438776
326.58497,65,875.43511
315.620629,65,876.433438
406.265405,70,877.496593
550.69415,104,879.078359
424.543125,77,880.266181
398.305305,74,881.388177
392.976445,72,882.478261
456.144416,93,883.895468
242.894988,47,884.61554
320.78796,60,885.526103
227.79401,44,886.197307
275.398241,53,887.001156
269.482248,50,887.764114
233.978761,45,888.442299
309.006517,56,889.301998
283.955875,53,890.107841
301.680728,55,890.94161
288.654405,53,891.774382
360.608857,65,892.756752
444.871233,77,893.925624
337.607865,62,894.857131
432.621746,77,896.026003
382.208686,68,897.053254
673.026306,140,899.191531
612.053625,118,900.998695
400.457354,83,902.255332
507.265268,93,903.667552
471.07226,88,904.998989
338.316947,73,906.110016
331.943765,69,907.167186
628.291652,115,908.915508
307.704227,67,909.944753
489.761205,111,911.639218
530.654585,92,913.038474
510.072545,111,914.740917
250.441849,54,915.561721
383.381855,78,916.749542
787.912749,143,918.941675
880.494605,169,921.528751
789.668107,152,923.882452
485.053331,87,925.216881
474.189948,98,926.709885
329.732787,72,927.797973
342.706993,65,928.779347
452.743841,104,930.375076
572.007666,107,932.004715
1160.749151,234,935.551223
501.8418,97,937.037246
279.594356,55,937.872012
807.512333,142,940.044199
570.129437,111,941.73268
449.610491,99,943.25361
364.694039,73,944.369623
471.23428,87,945.6861
290.385188,60,946.607634
718.698041,159,949.032145
684.178005,122,950.871223
357.55846,69,951.917423
624.219346,107,953.565014
627.747089,114,955.297378
444.808693,76,956.453284
294.154459,54,957.27309
439.980317,79,958.46889
371.809567,65,959.453255
474.40616,94,960.899386
840.704635,178,963.596168
383.34254,80,964.807925
358.17205,64,965.767357
511.989272,104,967.3581
291.74664,62,968.294594
514.847959,95,969.743715
393.251119,80,970.958465
307.358887,67,971.984718
672.436085,140,974.108035
398.642804,80,975.321787
374.937797,86,976.635272
454.039012,96,978.100351
507.540581,101,979.629259
496.337182,88,980.968675
528.602397,96,982.414805
500.924438,103,984.018512
650.062483,142,986.174742
458.37361,84,987.441352
593.725386,125,989.32531
513.694696,90,990.701627
462.159824,82,991.942306
318.744112,70,992.99848
424.137054,87,994.316951
441.297977,78,995.504772
513.701025,91,996.874107
446.91422,90,998.250424
409.530902,91,999.622751
515.421402,92,1001.025996
524.464216,94,1002.456169
527.755434,92,1003.851434
437.46922,79,1005.052221
419.179603,75,1006.190175
482.755807,107,1007.820811
398.877245,73,1008.937822
676.345218,120,1010.757951
411.712147,80,1011.96871
496.072013,89,1013.341038
671.123739,127,1015.266884
461.734917,95,1016.709024
397.631233,73,1017.825037
470.598102,102,1019.375887
551.010388,118,1021.162107
478.477845,105,1022.75285
518.711122,102,1024.286744
390.689015,75,1025.430683
313.359746,67,1026.450953
315.626951,65,1027.436315
562.342445,116,1029.199596
488.184679,95,1030.640739
537.116939,105,1032.254421
401.549007,84,1033.52502
428.407879,104,1035.106787
689.772334,134,1037.141342
479.064281,96,1038.596448
376.18114,77,1039.769309
524.347917,109,1041.432857
385.811426,73,1042.536902
551.77516,101,1044.077779
461.8702,101,1045.634612
239.826549,51,1046.421506
475.833367,106,1048.036185
388.162406,72,1049.12527
468.163973,105,1050.716013
690.106021,128,1052.667789
710.662954,156,1055.033458
364.3702,74,1056.154458
466.05276,87,1057.471932
506.85971,106,1059.093592
508.235612,103,1060.651423
314.508016,62,1061.598887
315.814884,64,1062.563306
308.687079,64,1063.528723
303.376191,58,1064.412358
338.660965,65,1065.393731
322.116608,61,1066.31726
346.504304,67,1067.337529
407.551002,82,1068.58519
306.873239,64,1069.553599
236.121913,49,1070.297607
359.062908,71,1071.388687
297.029672,62,1072.320194
340.231952,67,1073.333483
378.915379,70,1074.429549
283.335739,56,1075.276283
319.200826,61,1076.202804
289.699856,63,1077.157249
261.11022,55,1077.987029
268.409057,53,1078.790877
380.619939,73,1079.896917
582.598864,112,1081.613324
545.74341,110,1083.280861
524.250899,100,1084.795806
274.881145,54,1085.620599
530.657005,113,1087.363934
430.439621,82,1088.606608
296.437339,58,1089.487251
321.392816,61,1090.407787
305.022642,57,1091.274468
347.416978,69,1092.320668
335.792959,63,1093.282095
355.802266,66,1094.286407
324.587407,62,1095.225893
265.936006,54,1096.042706
405.422184,73,1097.154731
340.591783,64,1098.121145
361.605701,65,1099.107505
312.324316,57,1099.973188
346.681775,67,1100.991463
315.468716,60,1101.902026
403.763506,74,1103.038983
354.957705,67,1104.043295
461.263648,87,1105.405649
514.614398,108,1107.047256
492.465378,104,1108.625033
546.741468,102,1110.167904
381.130337,82,1111.408584
855.186518,173,1114.028572
460.85009,94,1115.457747
500.430857,114,1117.192106
391.433357,86,1118.503596
365.61992,73,1119.623598
341.997318,74,1120.744599
407.175551,93,1122.154824
548.816284,109,1123.803412
654.187614,122,1125.646479
430.038724,93,1127.069671
396.575818,86,1128.371187
421.983866,93,1129.783408
516.086317,107,1131.405068
414.134755,85,1132.710574
450.947779,83,1133.970203
476.726775,96,1135.435282
534.146735,115,1137.193577
468.419862,105,1138.798282
633.084215,118,1140.590486
431.192177,96,1142.04659
538.705495,96,1143.496708
448.541804,93,1144.904939
553.150132,122,1146.751996
540.23412,103,1148.314813
432.332399,83,1149.579429
545.215644,103,1151.146235
442.518707,87,1152.472686
477.381044,95,1153.914826
554.633455,99,1155.405836
550.827875,113,1157.130221
550.955428,114,1158.862585
493.046467,90,1160.223941
494.366573,88,1161.557373
534.393656,103,1163.133155
533.187997,97,1164.604218
686.693001,122,1166.503137
508.452029,106,1168.105847
590.622128,106,1169.725513
955.293393,170,1172.303613
479.260461,84,1173.57521
435.198371,90,1174.939559
464.250666,93,1176.351779
647.627393,123,1178.210804
425.529108,96,1179.685856
433.411072,84,1180.972413
550.609581,96,1182.427519
325.321321,60,1183.332098
652.005372,118,1185.12131
639.45882,112,1186.809791
554.609239,100,1188.321744
739.672235,133,1190.332363
581.201935,117,1192.103623
283.856536,55,1192.937392
318.482898,64,1193.923752
656.575944,116,1195.699001
424.447084,75,1196.835958
422.202632,76,1197.991864
754.957711,146,1200.202947
664.904747,128,1202.142756
416.705225,85,1203.431307
559.885757,100,1204.96221
491.188112,100,1206.478153
678.814433,128,1208.423945
394.984198,82,1209.683574
718.961158,133,1211.705164
490.057056,106,1213.326824
522.253645,109,1214.971423
416.213645,78,1216.147276
547.983045,119,1217.954439
480.525879,103,1219.513268
381.139703,81,1220.749958
414.887228,86,1222.056461
360.942118,73,1223.163499
869.769766,155,1225.519194
456.114245,94,1226.957345
298.13548,56,1227.838986
599.105721,109,1229.49655
545.260539,114,1231.232903
774.130427,151,1233.519783
535.821252,101,1235.046696
527.507365,94,1236.475872
468.321545,87,1237.79534
382.368641,72,1238.877445
430.266743,81,1240.119121
813.841707,151,1242.405004
365.832232,70,1243.470153
708.72515,130,1245.43689
347.182564,71,1246.511015
479.456844,86,1247.812531
498.068444,91,1249.201813
409.824603,83,1250.453465
451.094293,90,1251.813823
488.764257,85,1253.09639
605.255277,115,1254.847704
439.327227,94,1256.289844
368.243408,70,1257.346018
981.077456,187,1260.181429
471.851625,82,1261.421111
558.373001,100,1262.939049
490.834369,93,1264.34728
446.225407,96,1265.814354
676.345327,114,1267.54572
666.794981,118,1269.344905
672.510044,121,1271.180992
1125.585044,197,1274.177971
406.605273,72,1275.268054
421.206378,76,1276.419971
437.883514,79,1277.618762
581.289668,104,1279.19654
716.410188,133,1281.225111
292.525335,56,1282.073839
379.747434,81,1283.305543
456.235496,84,1284.57714
394.690309,82,1285.82879
761.818072,141,1287.998982
302.337669,65,1289.008281
526.905287,93,1290.426486
173.064515,37,1290.985988
457.909516,87,1292.310445
553.134101,105,1293.912158
479.328234,92,1295.309417
492.316645,93,1296.719643
362.95781,83,1297.977278
526.95266,109,1299.652794
651.672126,123,1301.516805
904.210595,178,1304.221566
462.535814,88,1305.559984
720.880097,130,1307.531708
326.156961,69,1308.57691
467.79058,95,1310.019051
682.473846,126,1311.92495
488.969998,90,1313.286307
416.108084,78,1314.46216
501.104472,113,1316.179564
492.052775,100,1317.717448
457.484143,100,1319.223418
348.481379,74,1320.338434
446.079972,79,1321.536228
532.974138,112,1323.242661
607.764315,114,1324.967046
422.707644,80,1326.173817
536.961971,105,1327.770543
630.38932,128,1329.730299
479.39851,86,1331.04478
563.120854,100,1332.561721
631.980424,122,1334.408777
661.371739,130,1336.383493
789.450203,149,1338.648431
289.327956,57,1339.515111
487.211475,88,1340.846549
630.609448,115,1342.591877
476.281085,109,1344.239468
453.073012,81,1345.480148
644.075786,137,1347.566564
548.925174,122,1349.458501
385.829642,70,1350.534621
622.943194,121,1352.366718
570.63928,107,1353.982394
375.082744,69,1355.030588
517.691843,95,1356.462755
579.048889,110,1358.139269
724.715571,145,1360.345365
719.193992,141,1362.497604
859.792218,167,1365.052767
690.415471,145,1367.245897
717.058197,150,1369.518814
831.32058,164,1372.00516
417.479843,77,1373.17104
650.212446,122,1375.02807
575.896677,125,1376.916017
360.856592,75,1378.064943
584.305896,117,1379.857146
551.96375,122,1381.704203
409.5405,93,1383.125399
371.889182,80,1384.336159
663.796941,118,1386.125371
665.030075,127,1388.048225
817.537028,177,1390.706111
592.133115,110,1392.387612
525.246307,111,1394.079085
277.590444,64,1395.047493
834.411804,155,1397.385236
481.315666,84,1398.664812
605.673397,106,1400.274504
494.611731,89,1401.619903
592.215332,114,1403.352267
412.585104,79,1404.561032
353.92601,67,1405.577312
367.253739,69,1406.62451
433.152641,83,1407.881147
347.197673,64,1408.868504
391.264899,74,1410.012443
205.852069,40,1410.637769
366.839853,70,1411.713889
349.44604,68,1412.745129
375.979644,70,1413.807287
438.612238,83,1415.081876
574.209406,97,1416.548949
291.260507,57,1417.411641
553.727381,108,1419.049258
405.394072,78,1420.23309
292.962113,58,1421.11473
331.92289,62,1422.054216
459.481598,85,1423.351743
713.553639,138,1425.446138
752.707256,146,1427.654229
434.808152,80,1428.865986
491.549578,88,1430.200414
421.082939,76,1431.353329
487.517619,92,1432.739619
468.37472,86,1434.040138
631.331995,116,1435.801425
810.260671,154,1438.136176
566.153282,118,1439.959297
630.993052,123,1441.821314
610.311556,117,1443.604542
531.36334,105,1445.203263
446.257888,97,1446.675323
386.769153,81,1447.905032
310.231075,62,1448.848507
562.314369,108,1450.503079
1014.779336,214,1453.763354
390.074691,82,1455.003036
474.537443,85,1456.293582
509.488223,98,1457.799552
414.403584,90,1459.164898
513.029168,98,1460.65491
501.619321,95,1462.092064
546.89558,101,1463.629948
365.255355,73,1464.731999
360.186636,75,1465.864967
294.204311,59,1466.754586
452.651934,95,1468.188748
474.736856,97,1469.679758
503.139443,112,1471.412121
353.781056,78,1472.593958
390.579744,72,1473.685038
643.558649,116,1475.445328
519.699246,101,1476.995181
388.336372,84,1478.214915
427.964197,80,1479.377803
588.577867,118,1481.082242
410.193479,75,1482.191273
648.963818,120,1484.004421
588.976984,110,1485.666972
866.309107,156,1488.018678
595.491033,116,1489.770988
503.30143,90,1491.136334
687.948354,120,1492.968431
647.927395,116,1494.724731
612.053557,113,1496.436151
596.802198,114,1498.163528
447.712357,85,1499.472026
567.820779,108,1501.1256
573.989271,107,1502.757234
596.499248,111,1504.441725
488.665017,101,1505.967642
537.110062,122,1507.80672
1470.233125,302,1512.392447
325.308843,68,1513.428674
570.488045,111,1515.116158
418.543877,88,1516.436624
449.062033,97,1517.999442
503.552783,96,1519.597166
923.614814,169,1522.310903
915.700889,163,1524.939867
736.413997,139,1527.167904
614.637232,123,1529.140625
552.538753,104,1530.830103
788.992559,152,1533.276557
594.819502,110,1534.99396
512.170458,112,1536.656511
535.238656,113,1538.363941
475.551656,104,1539.949697
857.665806,159,1542.375207
410.421992,88,1543.7226
1016.549501,202,1546.797371
883.032898,169,1549.362506
420.072969,80,1550.574263
840.206354,171,1553.160342
400.895984,81,1554.378083
627.696517,120,1556.20619
335.104116,70,1557.264359
415.230113,92,1558.666606
943.615596,180,1561.416247
389.5006,83,1562.678868
647.950833,125,1564.572799
334.975501,62,1565.520264
322.806592,69,1566.564469
905.100474,213,1569.78884
631.905473,131,1571.777518
409.40452,75,1572.913479
464.874447,105,1574.492252
701.262066,132,1576.516834
710.225327,134,1578.548397
497.618866,101,1580.080297
966.016664,196,1583.053341
740.053119,148,1585.28437
549.874315,108,1586.917001
467.027273,100,1588.430949
1302.826995,251,1592.237761
355.434091,67,1593.283961
505.419421,99,1594.790928
394.086001,81,1596.037591
545.865097,117,1597.808851
718.29495,138,1599.901251
257.874604,54,1600.718065
263.39151,56,1601.569786
348.828503,74,1602.691783
313.878588,68,1603.720031
679.066075,144,1605.904186
388.961655,86,1607.208695
471.516212,90,1608.575038
615.263523,128,1610.517839
701.885359,132,1612.510505
441.107569,98,1613.991542
345.091095,69,1615.036745
254.263924,57,1615.891457
315.290663,64,1616.86585
504.303566,106,1618.458587
355.086775,68,1619.498803
576.32097,122,1621.346857
494.584007,87,1622.679291
805.111432,144,1624.879403
231.809899,53,1625.685246
430.108436,87,1627.005713
671.521295,126,1628.902636
537.893935,97,1630.383672
457.690885,81,1631.616373
493.54685,91,1632.990695
578.887916,113,1634.708099
512.423446,90,1636.068459
1106.662146,207,1639.207059
775.681991,129,1641.187758
458.092679,83,1642.441403
580.171633,102,1643.980284
801.178636,146,1646.191367
416.421926,75,1647.327327
421.32715,91,1648.701649
604.228813,114,1650.425036
500.202734,94,1651.840249
539.429096,108,1653.489834
542.186764,108,1655.161361
605.587916,116,1656.932621
420.671537,81,1658.171305
487.664918,94,1659.596492
556.121947,96,1661.062568
576.816387,102,1662.604441
495.390545,101,1664.139333
669.701522,132,1666.132998
337.336224,60,1667.046553
418.405484,77,1668.210438
1120.316671,215,1671.481683
594.387669,105,1673.088383
601.376235,108,1674.723009
406.387396,80,1675.944739
1136.646344,205,1679.03846
401.815219,71,1680.107598
723.763946,122,1681.955652
777.233637,159,1684.391135
724.899167,126,1686.28706
645.837325,118,1688.075275
774.870949,145,1690.271397
566.197452,119,1692.083547
471.552034,101,1693.609464
462.793875,86,1694.911978
636.443044,128,1696.8468
556.149614,109,1698.509351
653.371617,125,1700.397298
692.508183,148,1702.640295
458.790785,89,1703.991678
576.7304,120,1705.81081
783.482521,142,1707.960058
372.37524,79,1709.161842
413.829115,83,1710.422468
469.602538,87,1711.73695
651.855403,129,1713.697702
227.31002,45,1714.37489
362.914173,76,1715.560717
553.70674,110,1717.230248
589.300696,111,1718.909755
725.489037,137,1720.989188
488.932417,102,1722.538043
1115.590381,209,1725.716537
459.033122,100,1727.233477
1031.607868,187,1730.068889
1093.170328,212,1733.281292
371.521705,71,1734.359406
486.145762,83,1735.617041
386.393581,73,1736.721086
593.721024,127,1738.645935
811.473695,154,1740.97171
449.811974,81,1742.200422
410.030185,97,1743.698413
504.692039,94,1745.123599
695.126308,134,1747.153167
564.034395,119,1748.952352
391.716023,89,1750.295757
314.830197,67,1751.314031
353.782253,69,1752.363224
292.125245,70,1753.428373
292.796653,67,1754.445651
286.369426,58,1755.330283
366.120089,80,1756.546029
275.571887,60,1757.454598
447.899306,106,1759.081244
331.991973,75,1760.213215
806.975748,150,1762.496105
499.452995,114,1764.218496
374.636816,85,1765.504056
325.478203,72,1766.590149
1005.70738,209,1769.762658
385.038104,85,1771.055199
464.394839,105,1772.680848
371.590907,82,1773.933496
725.86838,146,1776.169512
281.781229,63,1777.135926
433.380094,93,1778.548146
413.421372,86,1779.851658
539.663735,108,1781.496256
485.587375,86,1782.803757
542.108554,107,1784.425417
481.396328,88,1785.76583
396.508387,81,1787.019475
546.498531,106,1788.627172
510.447423,99,1790.139126
375.999693,75,1791.273091
402.306754,76,1792.438971
586.572542,115,1794.178316
543.620627,123,1796.039335
916.128736,199,1799.06424
851.783402,145,1801.262357
343.281048,67,1802.280632
603.930707,111,1804.002025
486.069602,91,1805.377344
910.457447,185,1808.182837
563.509672,122,1810.035877
546.722167,110,1811.705409
400.145091,77,1812.87827
779.205853,141,1815.016547
344.805244,71,1816.095659
936.490961,192,1819.017839
647.827356,143,1821.204985
380.193977,83,1822.479574
1266.258269,242,1826.145762
575.574431,117,1827.923006
630.787625,125,1829.819929
604.693564,114,1831.551296
583.577628,122,1833.406332
573.828432,122,1835.268348
391.772788,73,1836.378377
568.265098,112,1838.11473
503.867855,95,1839.563852
522.124303,104,1841.151603
662.647191,116,1842.907902
291.682912,67,1843.922188
445.398704,87,1845.254622
407.784093,85,1846.54816
374.810303,71,1847.622286
480.05526,101,1849.150197
495.771603,93,1850.564412
543.871213,109,1852.224968
342.131914,70,1853.288123
685.849192,128,1855.234912
592.818608,134,1857.252513
323.375019,66,1858.252836
575.676579,117,1860.029082
666.79041,126,1861.941962
1081.440623,198,1864.959886
530.052395,100,1866.47184
567.850713,113,1868.180267
387.883491,76,1869.334179
869.248989,180,1872.066866
429.304491,82,1873.329487
628.887439,110,1874.997024
479.106942,89,1876.340429
522.833752,95,1877.77858
582.861563,110,1879.46008
277.274367,51,1880.239992
525.867096,101,1881.771893
593.227737,115,1883.524203
420.312255,79,1884.727981
404.121779,71,1885.804101
634.21464,121,1887.650161
502.504892,93,1889.060387
587.093485,116,1890.818681
510.617189,96,1892.275782
409.275056,77,1893.441661
588.834304,127,1895.373491
549.506988,105,1896.967226
705.927692,130,1898.980837
590.873635,102,1900.525702
562.011451,117,1902.298957
425.763964,92,1903.709183
545.909997,115,1905.457504
638.955368,108,1907.096119
856.926729,151,1909.38599
457.564038,81,1910.624675
770.396637,140,1912.737022
472.349129,103,1914.297845
361.233,70,1915.359005
400.828225,75,1916.489978
613.498104,109,1918.145547
419.989436,75,1919.286494
581.804199,104,1920.862277
648.794368,128,1922.805077
493.090524,89,1924.146487
928.190068,174,1926.815345
541.54474,98,1928.308349
424.265106,92,1929.709599
645.553717,119,1931.510778
532.109345,95,1932.960898
773.339531,147,1935.185943
480.242257,84,1936.461529
605.302668,109,1938.12009
627.530415,119,1939.928251
587.353699,116,1941.689538
593.329062,129,1943.651287
530.208668,101,1945.176206
393.643614,84,1946.454784
474.996911,91,1947.827112
557.423823,100,1949.340063
255.789534,48,1950.074098
933.174268,197,1953.068086
977.730461,183,1955.863604
555.496656,113,1957.575024
632.979481,141,1959.746213
638.975321,108,1961.388817
472.193278,89,1962.748179
1109.806499,206,1965.870822
569.707339,116,1967.629117
643.391342,125,1969.53701
453.477505,87,1970.857476
578.871031,107,1972.494097
875.325148,160,1974.924592
605.469339,122,1976.770651
400.317187,82,1978.017315
533.798624,116,1979.773615
543.421442,104,1981.355382
430.055346,81,1982.57811
624.199331,123,1984.437134
933.210236,175,1987.112973
790.856717,141,1989.242274
776.948862,143,1991.414461
691.008425,126,1993.33532
484.375791,94,1994.753525
778.527394,148,1997.00849
323.635688,78,1998.203292
839.906774,163,2000.670689
707.508859,125,2002.561628
382.397803,71,2003.633759
1078.53333,210,2006.810257
514.9683,102,2008.354127
785.255553,152,2010.685885
360.539858,65,2011.672246
747.037559,131,2013.659926
724.004251,128,2015.599735
396.741753,72,2016.70378
1214.375351,214,2019.960065
335.259371,73,2021.088047
801.774138,165,2023.600323
653.658857,126,2025.504228
608.867627,117,2027.283466
717.881578,131,2029.284112
481.775056,96,2030.733233
591.14974,121,2032.562338
720.126136,144,2034.756466
435.406013,78,2035.944288
916.053799,181,2038.68595
458.468001,98,2040.17297
344.469208,73,2041.276018
645.511442,138,2043.371411
551.457886,110,2045.039945
451.57199,93,2046.45416
446.027449,91,2047.860397
623.250218,136,2049.91789
699.840377,134,2051.960424
592.886953,134,2053.996974
318.836169,64,2054.965382
473.062209,96,2056.418493
618.959959,110,2058.096004
343.585605,68,2059.13622
706.807716,130,2061.101959
279.53923,55,2061.93473
345.25565,74,2063.172418
322.272663,75,2064.449002
344.741035,79,2065.661756
386.991718,82,2066.926371
359.087264,82,2068.161067
306.068685,59,2069.059662
321.249071,64,2070.027073
558.076908,106,2071.632776
820.290019,141,2073.774045
1050.527245,207,2076.938576
474.212676,90,2078.308909
499.060442,115,2080.057231
538.956729,102,2081.647973
798.344988,163,2084.132324
353.687171,73,2085.239361
606.588722,120,2087.061485
847.379596,170,2089.63759
595.745148,116,2091.395885
284.543254,55,2092.226661
328.061389,62,2093.193075
472.789466,92,2094.576373
665.600682,141,2096.709664
371.777147,77,2097.873549
616.520621,121,2099.716617
487.424944,107,2101.334287
624.97444,133,2103.356874
1212.087462,231,2106.865484
676.903593,122,2108.734482
704.367057,143,2110.904674
746.494165,139,2113.019016
482.827322,90,2114.404308
386.541035,80,2115.620054
395.460771,75,2116.758009
527.934555,98,2118.257995
393.288975,86,2119.561506
597.835019,129,2121.521261
591.641333,128,2123.475033
426.562957,84,2124.749622
364.578952,77,2125.917496
480.740298,95,2127.374596
438.316831,82,2128.618268
446.013236,85,2129.908814
504.220567,108,2131.543439
361.812085,71,2132.623549
877.367231,190,2135.506832
1706.183109,320,2140.369818
584.755446,115,2142.130107
686.791979,134,2144.195579
481.54602,85,2145.480141
468.07606,102,2147.033983
392.68382,84,2148.297601
628.379432,126,2150.200508
707.647558,137,2152.285927
637.721664,129,2154.250669
504.745279,103,2155.812489
496.285399,95,2157.252635
494.406352,92,2158.648898
535.643656,106,2160.256596
286.242903,60,2161.163169
612.393274,109,2162.819736
496.479901,95,2164.264869
669.602508,134,2166.290447
989.869411,184,2169.105913
646.873225,125,2171.002836
709.92685,134,2173.039386
815.885673,147,2175.273407
505.299636,97,2176.74048
406.601702,72,2177.838542
569.245024,111,2179.526026
394.638921,75,2180.671959
578.728046,113,2182.391357
750.692549,146,2184.614408
768.934155,153,2186.941181
700.966483,133,2188.961774
579.618366,99,2190.456772
835.391402,145,2192.644916
484.475289,89,2194.003281
740.867982,130,2195.96902
1054.321022,193,2198.886213
724.308162,155,2201.264847
565.757464,103,2202.828662
640.917976,123,2204.733564
337.894752,62,2205.678036
552.265872,100,2207.20495
464.618962,83,2208.460589
955.91944,172,2211.066615
683.601236,140,2213.189932
943.066161,197,2216.189904
925.424982,173,2218.824852
628.234462,115,2220.571178
772.189226,143,2222.74137
588.771655,112,2224.448801
603.418988,128,2226.400577
513.13717,92,2227.784873
359.132093,72,2228.87695
511.669385,102,2230.448743
1147.966222,232,2233.990265
779.457466,171,2236.596291
1328.099381,238,2240.197653
727.793628,149,2242.48553
1223.111305,227,2245.935297
637.236554,123,2247.802301
809.885072,165,2250.292636
931.676826,182,2253.063221
614.462808,117,2254.850438
511.769816,98,2256.332472
1140.151602,212,2259.550858
1198.667443,221,2262.917848
724.306673,155,2265.299474
738.285097,141,2267.452711
690.13366,146,2269.670775
722.934261,149,2271.931724
598.099899,131,2273.923394
377.862101,86,2275.2289
446.533585,81,2276.461601
1151.299813,202,2279.50745
818.786226,172,2282.102504
547.688757,123,2283.965519
916.358589,171,2286.56556
469.907419,106,2288.179241
369.170752,85,2289.468791
493.787807,110,2291.156274
384.553907,83,2292.410916
487.81495,105,2294.000662
563.108838,114,2295.740007
413.579466,84,2297.014596
367.83983,74,2298.143574
324.372302,72,2299.234654
733.805039,160,2301.661161
686.690075,130,2303.640862
567.554584,109,2305.297429
878.41258,161,2307.752857
761.178291,155,2310.103566
613.524449,109,2311.753152
943.493941,179,2314.463897
1041.519668,191,2317.373111
534.563541,101,2318.904014
396.43642,76,2320.059921
909.258308,180,2322.801583
633.296497,117,2324.587803
622.602567,111,2326.319169
563.856714,128,2328.273939
1349.736028,247,2332.011934
803.602462,154,2334.359651
321.092753,64,2335.334043
329.630068,69,2336.394206
453.408405,89,2337.749578
297.719402,61,2338.677096
390.898711,81,2339.907803
336.093274,76,2341.071688
721.730141,142,2343.229912
862.230618,152,2345.541725
510.425638,105,2347.13546
879.976873,176,2349.808306
424.334649,95,2351.254436
680.241518,130,2353.249098
621.535202,118,2355.03432
379.935431,84,2356.309906
479.668034,94,2357.741076
416.954858,90,2359.123377
989.354138,184,2361.921887
840.728395,162,2364.372329
677.702239,125,2366.272244
716.362936,132,2368.28785
712.371609,120,2370.106982
617.156284,137,2372.182427
438.105186,88,2373.513864
1603.779039,279,2377.751523
1030.000921,188,2380.611868
945.42861,163,2383.112176
752.496333,152,2385.42399
833.227509,151,2387.757744
424.480901,81,2388.986455
853.873163,153,2391.307244
1029.989868,196,2394.272309
472.381516,86,2395.580807
609.072643,118,2397.371016
658.41768,124,2399.245998
583.559737,102,2400.800837
787.202041,138,2402.898224
845.320026,140,2405.023537
399.269297,73,2406.136557
674.094067,127,2408.056419
953.054839,210,2411.239899
606.504171,108,2412.910429
607.797697,111,2414.590931
604.594557,107,2416.210597
293.386512,63,2417.167037
968.611985,198,2420.176981
837.788203,158,2422.578554
403.715253,77,2423.750418
515.897021,104,2425.332185
1005.094341,193,2428.256359
559.146994,115,2430.012659
959.241955,176,2432.680519
535.567682,103,2434.250318
583.820618,119,2436.064463
507.737704,98,2437.55647
640.908897,132,2439.553127
753.174626,131,2441.538812
823.403135,148,2443.797766
455.771066,95,2445.237912
596.685582,107,2446.855583
525.762176,114,2448.622853
848.17228,173,2451.244836
407.54241,94,2452.669025
534.715006,106,2454.276722
456.99811,93,2455.691934
815.470402,176,2458.366776
473.087766,96,2459.82986
519.951152,124,2461.722794
668.512937,146,2463.939861
458.888436,94,2465.36006
1088.51,216,2468.637289
490.466004,107,2470.261941
514.725387,112,2471.954412
484.564394,97,2473.466365
586.842428,118,2475.264553
467.372369,99,2476.760549
567.881284,111,2478.47197
513.635124,111,2480.159453
337.843628,74,2481.278458
464.763923,88,2482.611889
282.422301,60,2483.519461
307.811,63,2484.480888
275.492826,54,2485.295707
519.881427,113,2487.005132
311.914198,69,2488.050335
656.182115,141,2490.194596
707.583073,141,2492.33786
982.498736,212,2495.548268
388.646884,88,2496.884692
450.628145,97,2498.357749
1027.407732,189,2501.221087
943.641797,169,2503.795197
771.70549,143,2505.96539
512.055996,115,2507.703737
1209.457532,248,2511.507558
1355.700101,263,2515.501867
693.686409,134,2517.550386
646.545828,133,2519.576962
478.221369,89,2520.927347
757.735843,157,2523.307976
1238.691183,232,2526.825562
752.651903,140,2528.958853
442.556556,85,2530.242418
354.060478,66,2531.241743
599.045683,104,2532.818524
939.750172,190,2535.727738
501.150155,94,2537.166887
887.146768,160,2539.596384
656.791591,134,2541.627947
1221.962323,261,2545.597324
575.888858,115,2547.337667
1274.025824,252,2551.163428
1101.230395,217,2554.456614
642.128151,121,2556.291704
1313.866549,237,2559.882094
729.937885,132,2561.878751
798.844881,149,2564.166628
456.13072,98,2565.664619
397.844265,75,2566.801576
650.806838,135,2568.864057
621.579876,126,2570.791897
338.13645,64,2571.752327
1232.70442,230,2575.239993
775.100895,151,2577.522883
669.688058,142,2579.682105
461.542707,90,2581.038475
715.802988,138,2583.145836
242.162899,53,2583.949683
276.781562,65,2584.934049
481.732597,103,2586.495869
616.4927,137,2588.566328
718.458311,151,2590.853209
584.133478,119,2592.655385
729.253758,146,2594.893395
679.531963,133,2596.918974
630.657027,128,2598.86377
680.057486,130,2600.848458
1019.854265,191,2603.740718
385.384581,81,2604.96544
698.369993,133,2606.997003
711.295948,151,2609.289866
897.076234,179,2612.02754
862.049515,182,2614.790146
695.270285,153,2617.120908
772.645828,143,2619.293095
637.657084,136,2621.349592
765.922472,166,2623.874834
1127.269503,226,2627.321609
446.263067,97,2628.790677
454.238711,93,2630.236807
393.400334,86,2631.552287
503.169781,98,2633.033323
519.271582,107,2634.653986
611.011018,124,2636.535949
409.179318,98,2638.024964
947.043377,170,2640.617027
772.709926,166,2643.140274
542.319013,99,2644.635273
526.219847,104,2646.218037
1091.346615,200,2649.24394
1023.410083,192,2652.161132
820.879863,169,2654.741227
529.41053,102,2656.308035
1592.934063,280,2660.567634
1104.227252,202,2663.625451
506.475322,95,2665.077564
481.579709,101,2666.618441
995.756993,214,2669.873729
799.594757,150,2672.158614
517.430934,98,2673.657602
522.294608,95,2675.103732
723.544149,151,2677.407566
643.726505,110,2679.08408
557.003307,107,2680.709728
774.221319,164,2683.210037
975.898782,183,2686.012537
619.965706,120,2687.834661
731.613753,149,2690.108575
851.702457,157,2692.534084
1458.610465,277,2696.739828
425.134078,75,2697.880774
600.220422,114,2699.618125
844.273998,169,2702.199217
1116.923207,205,2705.316874
1074.555449,188,2708.177218
1235.765315,231,2711.685828
867.4943,170,2714.283875
1225.402661,217,2717.607979
386.450697,72,2718.697065
814.278455,152,2721.014862
400.264698,72,2722.108934
368.057734,72,2723.201011
718.217586,134,2725.238558
788.898687,162,2727.70396
836.050996,167,2730.232194
371.135919,67,2731.249471
741.953475,141,2733.40969
685.216888,115,2735.14704
460.155132,86,2736.455539
497.949369,108,2738.092159
667.231319,139,2740.21747
391.908268,74,2741.344455
746.693791,145,2743.55055
1030.144915,198,2746.576452
474.337502,90,2747.954764
1024.761616,189,2750.824085
427.365637,93,2752.300134
1287.212413,233,2755.849635
427.74856,88,2757.186058
393.330913,92,2758.593292
890.852337,168,2761.158427
545.391526,102,2762.71925
735.219502,131,2764.715906
940.06477,175,2767.385761
624.095265,118,2769.174973
756.887283,136,2771.235458
1167.001718,213,2774.493739
499.943982,88,2775.837143
481.486873,86,2777.144644
919.729649,171,2779.754659
834.433928,156,2782.131298
378.199047,73,2783.249306
480.568186,87,2784.57077
403.73743,76,2785.735652
491.892039,87,2787.060107
940.327778,172,2789.675109
489.884242,87,2791.004551
505.354546,93,2792.417769
776.664804,126,2794.339626
496.933807,94,2795.770796
490.623022,87,2797.101235
627.536249,114,2798.830607
515.883765,92,2800.231856
801.765117,148,2802.470865
1062.001046,177,2805.163658
923.454465,164,2807.66995
1119.878617,202,2810.752701
518.413671,97,2812.230744
1537.363977,297,2816.767603
726.520585,137,2818.860003
657.797134,118,2820.664174
871.357978,158,2823.061758
566.0932,103,2824.629562
555.126116,114,2826.366912
491.819236,88,2827.714306
525.068512,98,2829.205316
530.539961,98,2830.706299
461.221412,83,2831.976899
819.56117,130,2833.946627
393.371475,72,2835.038704
674.215591,138,2837.162022
314.007038,60,2838.071588
570.519338,109,2839.746106
347.479524,67,2840.773358
370.041798,77,2841.954197
1937.198312,392,2847.928209
490.20992,101,2849.487037
671.653032,126,2851.404904
391.424688,70,2852.466064
815.167003,178,2855.183791
678.550109,128,2857.128586
643.129955,125,2859.029499
364.887375,87,2860.354952
559.319257,111,2862.040441
1442.651515,299,2866.586275
1058.955772,191,2869.504465
828.667663,152,2871.810294
617.47638,108,2873.461874
488.609007,104,2875.071567
822.559858,152,2877.372409
885.098429,162,2879.844792
1078.357899,198,2882.843766
472.49426,91,2884.225069
619.592024,124,2886.116008
508.601721,108,2887.766592
656.404167,137,2889.845029
621.397059,130,2891.845674
512.621773,102,2893.407495
1168.25058,207,2896.566041
452.260948,95,2898.02015
1131.317895,198,2901.885804
871.59603,152,2904.152737
652.935911,124,2906.024728
990.753193,183,2908.798305
600.375532,114,2910.532663
528.749252,92,2911.942889
496.524975,99,2913.463819
395.150114,83,2914.730429
950.693345,200,2917.787248
568.137034,116,2919.556513
606.667255,131,2921.541201
985.972072,188,2924.388581
806.331315,157,2926.774197
451.309796,89,2928.129569
1276.39192,287,2932.510844
884.01983,179,2935.274448
1272.162482,257,2939.196951
423.410944,95,2940.647069
396.860078,80,2941.854837
375.005115,78,2943.039666
1087.06402,227,2946.473476
1713.388975,335,2951.554877
466.50933,90,2952.916234
1070.272108,196,2955.908226
647.725423,129,2957.873966
612.144096,125,2959.768894
905.845448,162,2962.265213
1161.612788,224,2965.666111
528.499671,107,2967.294753
527.305491,95,2968.737891
635.469256,121,2970.578964
874.32195,158,2972.982531
994.458567,211,2976.175984
790.579223,170,2978.776026
547.738521,113,2980.489441
835.095676,175,2983.13536
693.903207,151,2985.449167
809.196217,161,2987.879663
1010.71569,194,2990.832759
709.005816,142,2992.987992
639.57706,124,2994.863971
937.418402,165,2997.425117
297.476201,58,2998.300773
1260.75158,246,3002.024806
838.920535,153,3004.344598
426.563809,100,3005.861539
735.959082,137,3007.96092
1495.564675,299,3012.522712
829.10614,157,3014.910321
513.238239,97,3016.386371
1344.980507,242,3020.068517
1025.543589,216,3023.363698
1184.366996,222,3026.738666
773.157421,140,3028.86697
680.978977,139,3030.984303
623.005644,104,3032.564075
665.564695,133,3034.601623
734.378495,126,3036.532455
1272.002161,232,3040.074975
650.430756,127,3041.997828
1015.623233,189,3044.867149
462.499777,104,3046.4549
871.914842,196,3049.433928
1172.814031,229,3052.918602
919.330727,154,3055.249364
645.843298,124,3057.169226
678.068119,137,3059.265615
490.378217,101,3060.796518
2329.251596,466,3067.883552
711.167936,154,3070.216309
557.012637,106,3071.828992
459.635139,89,3073.178381
914.649915,160,3075.596908
635.238873,109,3077.256467
766.663782,140,3079.385768
487.412597,95,3080.832896
846.795755,184,3083.647364
964.241393,168,3086.188562
622.245813,133,3088.221123
425.012856,76,3089.374038
428.66499,74,3090.490051
659.518661,120,3092.311177
560.166074,103,3093.874992
475.949121,83,3095.140605
625.245199,120,3096.964723
670.107728,115,3098.720025
484.175577,89,3100.08238
837.740381,153,3102.410149
1554.583283,281,3106.663766
974.733065,169,3109.228901
457.259878,86,3110.532412
607.817453,123,3112.399415
614.036241,109,3114.065955
894.023615,156,3116.431626
1501.725935,278,3120.682249
637.664681,129,3122.635022
756.805458,140,3124.778286
701.602149,124,3126.662244
647.164684,113,3128.380646
698.536831,129,3130.357356
588.493742,106,3131.965053
929.553431,176,3134.625932
1371.12729,248,3138.380883
673.745909,129,3140.348616
646.305985,123,3142.198665
980.075231,201,3145.269447
376.301813,83,3146.53107
1062.920276,217,3149.822263
639.394875,119,3151.629426
878.476816,147,3153.853474
609.246361,126,3155.772338
765.924289,138,3157.873715
777.836524,134,3159.912259
552.41756,111,3161.587775
403.877322,80,3162.799532
943.309536,175,3165.458416
530.683939,116,3167.227681
1066.8444,193,3170.151855
834.97622,148,3172.387872
700.90007,125,3174.284795
1035.852557,205,3177.393475
518.329779,89,3178.775775
1333.354035,275,3182.9516
880.698038,191,3185.845854
883.790774,189,3188.709191
631.986762,116,3190.471475
1267.550048,239,3194.104751
574.683632,106,3195.714443
1432.502879,280,3199.961078
1642.274583,308,3204.645542
917.671975,183,3207.424105
1620.68589,306,3212.061693
783.876139,149,3214.322643
1662.293472,305,3218.949261
479.189568,94,3220.387412
607.333546,125,3222.283338
1552.858672,276,3226.487087
632.005719,130,3228.451829
653.226312,121,3230.279937
519.697863,93,3231.686174
1037.802284,210,3234.866662
956.274014,198,3237.878601
518.398427,93,3239.298801
635.216292,119,3241.127905
436.190596,78,3242.312734
680.676753,123,3244.171759
600.291574,118,3245.970943
819.598539,166,3248.485215
1225.767344,235,3252.069622
1021.632646,189,3254.945924
443.362395,81,3256.17663
692.004953,134,3258.20221
1295.317232,251,3262.011016
807.664257,154,3264.341779
1253.435518,252,3268.20843
631.987674,108,3269.84904
737.165153,137,3271.947424
876.021133,158,3274.346004
1067.560897,201,3277.399832
1538.100201,268,3281.293916
954.223541,172,3283.865047
433.294101,102,3285.400936
706.648079,147,3287.629971
1284.051881,225,3291.069765
690.37009,131,3293.048469
1926.449933,376,3298.769159
980.928083,179,3301.553707
308.941388,62,3302.490201
697.413904,139,3304.602548
658.800863,134,3306.632116
529.095887,109,3308.292672
332.961736,74,3309.417661
793.978413,153,3311.747426
691.887054,155,3314.105116
1036.334481,181,3316.852763
1406.054915,267,3321.227056
367.734159,68,3322.322125
498.188027,97,3323.875967
726.473778,143,3326.190772
532.152219,94,3327.72367
207.038665,48,3328.492612
390.60362,81,3329.788145
213.823488,50,3330.605956
594.837553,130,3332.691375
486.147546,121,3334.61423
216.979416,52,3335.383171
439.908389,104,3336.956959
587.980488,133,3338.968575
390.604852,92,3340.349879
1025.653142,170,3342.938949
773.148167,173,3345.565919
861.284319,156,3347.924607
1091.581963,219,3351.250705
808.616008,164,3353.731067
279.806965,53,3354.532921
1320.254586,260,3358.483349
769.97051,152,3360.80314
1133.066461,192,3363.748258
691.343207,123,3365.614265
556.486928,115,3367.351615
1134.630103,221,3370.711623
1123.027943,201,3373.786394
877.419369,163,3376.265759
352.981941,65,3377.246135
696.78799,144,3379.440263
961.288484,169,3382.001409
760.828687,140,3384.135696
1091.217866,194,3387.076825
804.307916,148,3389.342761
1522.982991,279,3393.567455
687.720667,133,3395.575082
802.619541,146,3397.795141
471.104074,100,3399.319062
392.260761,72,3400.404158
362.736625,68,3401.436395
1605.463036,321,3406.311349
419.191933,87,3407.649767
332.235745,67,3408.666047
421.372314,89,3410.031393
527.268245,110,3411.695938
551.092732,98,3413.176974
838.311497,173,3415.811923
424.571394,91,3417.192229
1459.023016,275,3421.38401
370.699406,70,3422.467112
317.20695,59,3423.369696
523.825898,104,3424.957447
640.22851,119,3426.761618
399.309374,76,3427.909546
329.610388,66,3428.904882
549.549239,105,3430.49762
1662.191682,311,3435.225965
2375.46296,426,3441.681688
1307.320298,254,3445.535375
695.138647,140,3447.651711
1542.373448,295,3452.162639
2880.867384,530,3460.229051
1066.455439,189,3463.093385
757.535187,134,3465.143898
1397.245781,252,3468.953701
554.380616,106,3470.564391
1842.923407,354,3475.924048
621.743258,114,3477.650427
1153.16469,210,3480.831912
913.872256,165,3483.358152
1011.938673,174,3486.017035
608.977305,114,3487.753389
540.158495,97,3489.225449
476.582249,93,3490.638667
1194.252531,203,3493.722414
519.164157,98,3495.20744
811.448495,142,3497.366661
455.571954,82,3498.609336
979.534074,182,3501.387899
561.206412,122,3503.242935
805.63181,137,3505.327356
1825.384351,341,3510.563343
895.954728,163,3513.044703
726.756505,133,3515.058314
3052.894157,547,3523.360096
1599.93037,285,3527.698485
787.260435,158,3530.10305
639.049316,111,3531.79951
690.010841,140,3533.927814
771.820207,145,3536.139894
883.808806,155,3538.505563
1461.515032,251,3542.350273
653.15973,122,3544.219271
502.67324,93,3545.668393
768.650062,152,3547.985193
871.6903,181,3550.730845
1317.528376,246,3554.478814
551.311454,107,3556.125407
1075.017503,193,3559.065539
713.26264,128,3561.009337
834.792887,170,3563.610377
1020.058159,183,3566.411878
422.270811,82,3567.654553
945.071632,196,3570.658513
886.005552,163,3573.13688
2559.77117,466,3580.23289
698.107631,129,3582.199626
1254.967297,229,3585.681308
424.575242,87,3587.001774
1979.361692,351,3592.343479
950.568523,172,3594.952496
1264.925358,238,3598.593751
1644.670191,318,3603.442774
608.681607,109,3605.119288
570.949061,114,3606.875587
870.82975,185,3609.694044
1206.002881,214,3612.949332
1016.441508,175,3615.611208
737.664224,140,3617.750483
1897.274922,328,3622.740129
713.069063,134,3624.77668
775.339635,145,3627.002722
649.040736,133,3629.031292
1568.839812,307,3633.722737
741.669897,150,3636.002635
1116.069521,199,3639.02754
717.018812,151,3641.339353
625.343467,109,3642.993925
866.624263,154,3645.351615
556.52981,114,3647.101931
1024.369787,203,3650.184681
831.721571,173,3652.820626
1851.673041,342,3658.015723
351.238089,70,3659.085859
795.420843,150,3661.361768
1051.143037,223,3664.766655
694.154677,133,3666.823152
638.505316,111,3668.507644
1747.513307,323,3673.435456
1257.147492,267,3677.518528
1269.896145,228,3680.975277
1305.018384,247,3684.740201
882.540312,163,3687.235523
1046.158489,202,3690.308299
1139.193959,219,3693.68626
1133.827967,201,3696.7351
652.910313,134,3698.770652
705.079194,131,3700.772295
1651.909903,320,3705.643259
536.284791,104,3707.235997
424.087065,80,3708.457727
631.939517,127,3710.387562
890.969082,178,3713.099305
704.496534,140,3715.21963
951.307762,177,3717.915416
1323.270993,274,3722.087251
633.365692,115,3723.828591
898.945047,171,3726.433619
686.236317,123,3728.345502
973.345858,180,3731.091154
678.801231,147,3733.328167
1954.754679,351,3738.678848
1663.605151,299,3743.233658
1206.54593,220,3746.578705
462.742997,89,3747.928094
1420.419634,271,3752.058041
807.692878,149,3754.335945
682.304965,125,3756.227881
763.719804,139,3758.353194
766.268241,148,3760.596192
771.069285,139,3762.70056
1577.607633,291,3767.160623
477.944118,98,3768.658614
466.845863,99,3770.160594
1003.12485,209,3773.33809
479.717898,95,3774.777239
808.087497,136,3776.852684
900.679808,179,3779.562432
488.228246,104,3781.158162
1263.525698,231,3784.676745
837.732343,156,3787.059369
1199.988054,210,3790.308673
648.817274,116,3792.083922
723.011662,154,3794.439617
640.720045,124,3796.322578
1119.934747,197,3799.330528
610.670215,116,3801.105777
1531.419506,245,3804.834797
1097.373246,212,3808.068144
573.142975,110,3809.742662
1299.632939,249,3813.53252
515.769886,128,3815.507235
1072.123173,192,3818.421436
1416.795248,260,3822.394802
421.132145,94,3823.82298
993.309026,202,3826.899745
1398.177822,275,3831.108482
1190.230688,220,3834.45353
803.566411,186,3837.283955
659.477151,144,3839.475091
730.550612,145,3841.688169
685.470834,150,3843.971059
467.094838,95,3845.432148
534.741418,113,3847.144565
585.952247,108,3848.786172
633.678999,134,3850.876577
371.057484,75,3852.017524
775.53976,146,3854.242569
825.987888,153,3856.568345
732.306714,139,3858.679694
691.208919,148,3860.943635
340.874106,77,3862.127468
2550.439181,468,3869.272346
1950.325397,311,3874.057539
865.359427,159,3876.506984
511.664937,95,3877.967076
816.041969,140,3880.113332
745.350116,123,3881.990309
1093.730969,212,3885.247591
1662.284024,326,3890.228262
1032.277142,218,3893.565331
851.026176,154,3895.929005
968.017512,182,3898.711559
1300.397695,228,3902.196233
349.373197,71,3903.277339
709.764076,157,3905.673927
715.888044,148,3907.945846
1362.954022,263,3912.005979
1115.889271,199,3915.059807
975.481811,179,3917.806456
833.295682,172,3920.436417
760.349555,146,3922.700358
1332.567058,260,3926.688685
1978.510612,369,3932.357513
1357.723804,273,3936.552287
457.436346,100,3938.103137
1570.027374,306,3942.795578
1012.165086,207,3945.964099
583.299987,132,3947.991672
2059.291053,383,3953.848996
504.254392,95,3955.30111
2098.244048,405,3961.499522
2373.455466,423,3967.989154
1221.808296,221,3971.382074
737.167218,132,3973.42361
669.483441,126,3975.343472
887.577512,168,3977.909604
2803.514081,499,3985.555143
727.377238,131,3987.546813
410.280872,89,3988.907172
1036.3698,204,3992.033804
518.874921,103,3993.613576
1343.818281,236,3997.218928
656.914272,132,3999.26545
820.693928,164,4001.77673
1255.279845,235,4005.374102
721.967981,133,4007.410651
1008.580147,214,4010.67691
517.498407,113,4012.411269
578.002891,111,4014.117702
622.023567,136,4016.201126
819.33312,146,4018.448113
1908.88293,354,4023.855641
620.599712,112,4025.565066
1306.638596,239,4029.235244
1015.442923,185,4032.076639
416.465623,74,4033.229554
527.65239,98,4034.732531
920.606963,172,4037.353517
534.424179,94,4038.806146
1102.135131,195,4041.798139
670.346802,125,4043.718001
1022.370057,190,4046.646164
1288.126354,235,4050.23456
825.421016,159,4052.690494
839.965821,163,4055.198288
1386.727307,237,4058.803639
1032.667407,191,4061.763717
565.915073,102,4063.322546
1348.600539,277,4067.598103
842.604986,165,4070.12135
1755.022774,321,4075.074095
698.677752,122,4076.951073
1040.309358,202,4080.05676
503.444091,104,4081.665972
1975.832146,374,4087.430543
627.001104,117,4089.223745
1492.889388,266,4093.344728
793.348779,132,4095.388259
450.312978,79,4096.589046
991.619117,164,4099.112293
1824.00587,348,4104.452002
811.613072,142,4106.64613
1203.761382,206,4109.790715
771.571353,156,4112.174335
1275.626317,228,4115.644049
720.548509,130,4117.628738
1722.113919,299,4122.228428
842.424083,155,4124.606065
745.465854,137,4126.707441
933.225609,154,4129.053163
547.706357,122,4130.932135
734.729604,118,4132.726334
563.621984,116,4134.491609
508.5835,97,4135.981621
1315.501815,212,4139.24788
1620.535832,300,4143.86253
1018.436781,168,4146.429659
1173.30224,216,4149.723843
1605.084745,320,4154.68357
1677.020784,299,4159.267303
673.075613,118,4161.08045
1600.659462,312,4165.839713
2881.274595,509,4173.623881
1915.21954,370,4179.271765
3195.881503,585,4188.231786
612.625126,125,4190.133696
686.775221,132,4192.156283
534.933146,116,4193.931532
932.054008,198,4196.947461
1555.612897,288,4201.346687
801.714659,157,4203.754244
1079.543323,189,4206.635533
1217.147936,204,4209.747205
720.305717,146,4211.98721
3544.475581,621,4221.528675
2173.708597,391,4227.494708
1001.002815,172,4230.118686
2149.66853,394,4236.122618
1201.881425,211,4239.336018
1467.604701,266,4243.416099
833.944353,153,4245.760823
1405.593061,256,4249.667369
637.999475,115,4251.42666
518.905664,96,4252.884758
1404.840427,270,4257.017697
584.614485,100,4258.551592
1174.966429,204,4261.672241
848.543092,178,4264.393956
662.248363,120,4266.220069
902.740752,162,4268.689461
1034.523846,188,4271.555789
1758.843254,328,4276.619238
498.132784,89,4277.980595
1545.735046,262,4281.965929
1454.404041,289,4286.392084
1665.425156,292,4290.842174
2045.081279,391,4296.819178
706.883527,120,4298.656261
776.761094,151,4300.958101
1314.688349,270,4305.114976
611.537948,116,4306.904188
1263.734175,239,4310.553422
395.097629,78,4311.743237
880.037244,161,4314.19368
1047.451036,218,4317.529751
715.803314,137,4319.618162
553.071402,103,4321.19594
1337.02698,269,4325.285994
1714.501202,298,4329.831828
926.399379,174,4332.520632
500.223468,89,4333.88897
732.422424,121,4335.74201
336.584996,63,4336.700445
1087.568033,177,4339.43413
488.702488,98,4340.928131
521.57381,99,4342.44208
956.381861,196,4345.437064
873.652785,176,4348.132849
804.355452,154,4350.492534
539.001668,103,4352.061336
2808.658928,528,4360.116777
1724.837005,326,4365.094456
793.128653,129,4367.094104
495.721155,87,4368.420555
1089.999851,209,4371.608024
1332.559061,281,4375.90652
881.863352,162,4378.36893
1077.290507,198,4381.411787
828.375128,154,4383.759503
1222.24267,197,4386.746509
775.326991,136,4388.817966
634.791926,121,4390.663029
870.922231,162,4393.147379
761.482524,150,4395.440243
973.774211,179,4398.177916
915.627405,152,4400.525633
404.625457,73,4401.631673
824.809478,157,4404.032248
852.412603,171,4406.634284
1713.966634,307,4411.30678
564.741619,111,4413.009223
602.749181,110,4414.687732
1117.244318,208,4417.859244
1744.723875,306,4422.531739
669.261813,133,4424.572278
1426.14698,258,4428.537665
1462.945462,309,4433.250054
1535.860565,294,4437.733056
1310.356508,229,4441.229698
658.176481,112,4442.95907
583.840775,103,4444.540837
210.295263,40,4445.153198
885.664814,146,4447.392206
1934.477691,346,4452.709974
850.248727,157,4455.12152
608.95935,109,4456.775095
1030.606132,208,4460.002457
2141.181096,394,4466.024342
365.185201,73,4467.139358
858.173578,170,4469.73142
858.322114,169,4472.341435
1689.82824,306,4477.029888
1136.893514,207,4480.208381
996.88478,190,4483.116598
596.270296,131,4485.130209
419.514639,73,4486.245227
781.398268,137,4488.351588
402.569154,75,4489.5055
1192.604844,218,4492.836585
867.652662,163,4495.320936
790.212951,145,4497.548974
294.239012,58,4498.440587
1158.933972,245,4502.190551
330.073444,70,4503.265674
1237.76169,239,4506.942833
1438.580798,247,4510.715736
1082.064518,198,4513.753605
677.347709,150,4516.044475
705.143496,130,4518.039136
1703.495126,327,4523.079647
552.099787,114,4524.829962
715.72105,128,4526.795701
1133.25156,184,4529.603188
1291.971872,235,4533.187596
770.552681,164,4535.695883
560.583951,103,4537.27366
349.113925,70,4538.356761
1247.658709,238,4542.000011
1018.135204,211,4545.223384
2637.027324,487,4552.704363
1671.089449,323,4557.675061
1851.895114,308,4562.387449
1320.809567,236,4566.010752
1744.322664,337,4571.156979
1387.789232,278,4575.419571
1179.668815,215,4578.703782
871.432042,164,4581.220048
504.040187,100,4582.790844
1299.777056,248,4586.58868
685.192536,128,4588.537465
526.904236,98,4590.035455
995.144741,207,4593.193005
921.651836,170,4595.813991
922.632842,157,4598.207585
1481.154346,261,4602.1999
1138.703435,188,4605.071216
313.596842,66,4606.080515
569.388139,97,4607.570527
478.428773,91,4608.961804
1461.987522,282,4613.287228
1051.942,197,4616.304154
2789.515669,495,4623.884866
1435.460853,241,4627.582969
1065.59893,191,4630.49717
1035.338514,172,4633.127131
974.522703,176,4635.823914
836.762151,164,4638.352148
1025.748491,178,4641.065885
683.635242,126,4643.043592
402.000067,76,4644.208475
1109.210281,187,4647.082782
1186.906673,209,4650.285212
1125.794556,221,4653.652201
1322.683244,214,4656.935414
2048.572735,348,4662.260164
616.93088,113,4663.985546
758.228558,156,4666.376148
851.647101,173,4669.031043
997.048348,177,4671.732812
3528.826916,631,4681.396949
1163.321204,202,4684.496653
1309.447336,232,4688.057124
2038.667571,361,4693.582338
1289.048492,228,4697.071001
1285.258905,234,4700.657403
1004.963754,179,4703.396073
1288.06694,212,4706.673303
1646.438191,275,4710.866082
1999.291054,371,4716.541892
1382.713229,252,4720.403557
784.174605,146,4722.652538
724.880386,143,4724.838688
1643.702231,298,4729.409455
948.14728,179,4732.156104
376.287735,65,4733.148448
668.274888,119,4734.98254
2656.375147,480,4742.340847
511.491928,113,4744.068224
694.322306,133,4746.09879
1434.797067,247,4749.876679
496.387104,105,4751.500334
523.858904,106,4753.118005
398.436957,71,4754.209085
475.359387,91,4755.604351
1888.845274,341,4760.817399
533.436923,109,4762.477955
577.575448,115,4764.245225
1268.845145,237,4767.928368
463.620969,85,4769.225896
723.955057,122,4771.085919
763.413904,128,4773.060633
1392.263664,247,4776.813589
1231.367625,220,4780.187559
1259.034765,222,4783.579482
1609.705152,291,4788.051513
393.303256,73,4789.160545
1670.898974,310,4793.884902
1045.167888,193,4796.860937
860.865289,161,4799.327337
982.557687,177,4802.02013
2427.921502,448,4808.890742
1635.304304,279,4813.164305
1397.600042,249,4816.967128
2490.810984,442,4823.727037
906.10106,164,4826.27023
1862.372553,346,4831.571044
1189.849771,248,4835.369877
911.809336,160,4837.813338
1075.259456,179,4840.55899
527.405836,108,4842.218549
1094.551378,216,4845.535671
693.319749,124,4847.450546
1751.31627,333,4852.514993
1228.490686,224,4855.968749
1274.721757,219,4859.324768
818.961083,138,4861.427141
1075.58342,226,4864.867933
800.076525,136,4866.947368
1241.765129,207,4870.106912
1371.964544,285,4874.470235
891.908762,178,4877.209903
707.088348,139,4879.337209
929.258883,188,4882.200546
5131.515435,926,4896.370624
837.487725,162,4898.857967
1103.932295,230,4902.385526
783.930764,143,4904.580652
797.549242,169,4907.160747
535.677767,101,4908.70262
1113.641425,215,4911.995806
642.426961,131,4914.004431
779.09383,142,4916.186591
917.462836,162,4918.690889
657.538245,124,4920.577839
1130.41732,205,4923.716439
357.644332,69,4924.778597
1943.670415,344,4930.035528
1478.66445,311,4934.815734
1171.697939,219,4938.158788
2475.235604,463,4945.231858
1461.598308,260,4949.272046
342.695112,64,4950.252422
978.876857,182,4953.038965
1072.57848,205,4956.170583
971.41715,194,4959.136645
1093.933911,200,4962.193465
1035.218978,190,4965.105671
751.752355,136,4967.183111
1821.062395,333,4972.281467
1839.281582,348,4977.576296
1406.545949,260,4981.581577
883.503003,169,4984.171645
1869.055422,344,4989.411622
1572.367208,283,4993.733057
1550.554839,274,4997.91686
639.939429,130,4999.899553
1657.138893,308,5004.576039
665.888269,123,5006.458999
1487.50555,270,5010.612882
1226.680328,223,5014.017277
821.673839,146,5016.251297
426.06687,85,5017.553812
935.067738,176,5020.242616
1819.037347,310,5024.974951
1984.955181,343,5030.204954
1839.585018,360,5035.709223
331.503057,71,5036.795316
4450.555146,768,5048.54188
899.496221,188,5051.417185
1540.459548,280,5055.696732
778.992035,147,5057.964662
1095.930238,189,5060.856922
578.241584,112,5062.565349
694.063361,124,5064.452299
700.933142,135,5066.528742
1202.288009,214,5069.821929
749.497642,141,5071.994115
1044.921647,185,5074.822547
1948.568687,383,5080.555204
2816.685027,517,5088.373281
640.166398,113,5090.108636
1373.596319,240,5093.775822
2050.289711,348,5099.102566
599.149679,103,5100.698296
696.806643,150,5102.998141
719.224312,155,5105.380764
1094.235492,199,5108.418634
1268.204366,230,5111.962151
889.950741,161,5114.422566
1230.903119,229,5118.042877
1211.989677,211,5121.44577
707.730616,146,5123.809445
599.603117,107,5125.542806
1478.811523,255,5129.667766
5444.979248,972,5144.789297
687.988521,118,5146.587484
1179.944518,223,5150.00035
867.593606,164,5152.505646
2042.372475,365,5158.079728
614.365174,123,5159.957702
2906.075508,493,5167.527443
1585.223828,281,5171.815967
1449.155619,238,5175.454229
319.813485,65,5176.447571
1440.254756,258,5180.410964
958.660477,180,5183.151629
485.563634,94,5184.587785
1082.809235,197,5187.600722
337.031153,70,5188.672853
3849.616061,743,5200.08531
1173.108214,224,5203.50815
425.182011,87,5204.843576
505.819401,105,5206.458254
1146.028031,221,5209.838209
930.497977,165,5212.376416
656.903823,132,5214.391024
1140.468856,210,5217.601433
477.687798,99,5219.124357
2000.044304,364,5224.69046
1198.379618,226,5228.145215
957.072727,162,5230.646521
4093.983413,724,5241.725869
2374.747894,421,5248.155662
4392.917734,714,5259.083416
1637.373066,271,5263.210371
794.128225,146,5265.438408
2086.27855,353,5270.829979
1497.545196,259,5274.784396
699.219668,154,5277.124135
858.704272,142,5279.280364
2203.217508,376,5285.055907
1444.336532,278,5289.307529
1164.370737,226,5292.753307
1072.044505,183,5295.533865
532.651783,107,5297.171483
550.162379,116,5298.93975
791.692615,137,5301.050102
2932.657246,548,5309.428679
1271.557797,246,5313.194601
1589.948179,297,5317.78332
873.559317,161,5320.259693
1106.326265,186,5323.09311
1142.382943,205,5326.225726
1136.034084,210,5329.433142
772.536489,165,5331.954394
1117.105831,213,5335.209683
1015.306284,180,5337.94935
717.202335,129,5339.92606
612.787288,110,5341.599582
542.399975,95,5343.040725
1599.441866,334,5348.184958
1199.237612,213,5351.444235
1487.202948,248,5355.257031
966.585434,170,5357.867046
792.325462,150,5360.167888
839.000655,160,5362.624314
1123.172985,207,5365.793832
1179.446443,215,5369.091007
950.465676,175,5371.758868
975.698978,184,5374.578322
1276.247335,225,5378.078953
1920.237168,345,5383.345858
509.432642,92,5384.744116
395.988139,80,5385.964849
681.485169,124,5387.853793
2963.658871,541,5396.13164
1415.477733,255,5400.009263
560.826738,107,5401.652864
600.383118,111,5403.352315
1102.70174,194,5406.299428
4439.494654,813,5418.756091
396.741447,94,5420.194242
858.467671,156,5422.577863
1063.629,180,5425.333488
627.922739,114,5427.069841
943.616059,164,5429.559179
372.452287,70,5430.625326
1846.660499,314,5435.413511
438.749392,95,5436.900532
2044.147043,334,5442.025815
1757.362328,319,5446.899771
887.378564,161,5449.350213
767.086764,150,5451.645072
2707.857104,472,5458.851784
563.750835,108,5460.498378
2095.796131,365,5466.084428
1141.849221,192,5469.017578
1298.490894,239,5472.65983
459.800179,81,5473.88954
927.322492,156,5476.286126
1089.206442,192,5479.232241
584.083111,106,5480.862877
675.228273,120,5482.695971
710.1306,131,5484.696617
489.268334,103,5486.266416
513.745989,109,5487.946919
638.863761,120,5489.792979
1729.347331,304,5494.445526
643.904399,114,5496.173901
1460.398399,279,5500.483367
654.676711,140,5502.61965
770.024843,135,5504.683128
991.61355,177,5507.390881
1478.466759,267,5511.462983
2677.492551,451,5518.353543
3473.088073,629,5527.946869
468.506132,85,5529.25038
821.734951,173,5531.926218
1485.52056,263,5535.948454
2019.988474,398,5542.016215
1308.587217,250,5545.853944
1681.825162,333,5550.946315
1119.990316,213,5554.196617
840.1266,141,5556.356836
970.647642,166,5558.915987
591.716781,104,5560.511716
1579.505351,272,5564.65762
2729.130862,480,5571.980024
792.191657,149,5574.250946
529.50681,108,5575.908512
1660.46621,298,5580.45235
932.689353,167,5583.00053
2745.219797,481,5590.33191
669.128635,135,5592.417329
1338.895301,263,5596.445548
975.655155,175,5599.114405
574.330769,113,5600.848764
2495.793379,444,5607.612662
633.559807,121,5609.4667
1262.351138,233,5613.014206
1085.097883,221,5616.386182
789.870318,145,5618.597264
1108.272954,191,5621.55435
1000.608663,176,5624.250136
735.959298,130,5626.231832
2393.865773,421,5632.667608
433.518425,74,5633.805563
1527.30864,294,5638.291557
1486.980196,246,5642.035537
1282.508397,240,5645.695742
1047.247427,186,5648.550102
489.230491,94,5649.986259
850.250583,161,5652.473602
590.697703,111,5654.166073
1177.450667,192,5657.105207
738.678126,137,5659.195613
682.876056,139,5661.32691
928.95282,168,5663.900022
1326.06338,246,5667.77565
1041.195078,228,5671.40394
386.329488,72,5672.506988
655.427152,118,5674.313154
3293.420877,586,5683.310076
1900.260403,363,5688.855236
1008.454171,191,5691.777415
3608.030906,687,5702.268339
1987.649046,358,5707.740694
1411.198883,249,5711.557479
1387.430104,240,5715.246606
1732.111025,301,5719.873224
1863.531546,337,5725.022443
3292.9438,572,5733.760059
1634.599449,281,5738.074512
919.404672,170,5740.667572
1391.32626,234,5744.282897
1889.329422,360,5749.770212
864.019924,162,5752.262541
898.623501,169,5754.850615
2642.102749,456,5761.807996
1837.21582,317,5766.661007
934.494259,170,5769.271022
442.622625,80,5770.50871
2866.771708,512,5778.344739
3125.68057,564,5786.970654
1019.73202,173,5789.629538
1416.883409,251,5793.491203
2509.373563,450,5800.364807
2882.88671,483,5807.817861
2344.512128,407,5814.044198
1035.240432,206,5817.187785
586.222493,102,5818.754591
2697.160851,475,5826.06004
702.88215,157,5828.445656
2323.729287,419,5834.857496
3778.483392,659,5845.01983
476.317486,90,5846.40213
901.291333,171,5849.008156
671.4035,132,5851.025756
1545.034874,305,5855.709222
591.181255,124,5857.605148
885.187887,169,5860.2012
1616.435705,288,5864.658272
1002.950311,196,5867.679188
1438.261824,276,5871.906873
1488.18951,241,5875.576053
1528.805429,245,5879.321031
707.17431,124,5881.222941
1103.921554,194,5884.195984
2063.843594,356,5889.636425
2191.549445,368,5895.268352
1844.047824,326,5900.301881
1024.391344,175,5902.97772
426.381969,80,5904.201444
1513.842599,259,5908.183787
5772.257799,1000,5923.514757
1195.031521,227,5927.035335
1116.971505,201,5930.132048
2114.293893,371,5935.804866
3305.841539,565,5944.466684
1334.862932,221,5947.846639
1621.244079,311,5952.61388
1248.664669,225,5956.041707
765.326911,131,5958.053323
1803.200059,323,5965.215156
1272.433395,218,5968.556214
1028.792772,181,5971.325802
2407.737256,417,5977.710715
1578.982794,270,5981.870583
855.159911,171,5984.487578
888.992544,148,5986.790415
1411.591739,256,5990.730869
1686.160493,280,5995.018395
2987.383016,514,6002.849437
1113.789992,191,6005.759648
617.85002,115,6007.528913
2466.2505,428,6014.067415
1448.499467,248,6017.856275
560.922766,102,6019.421087
913.669756,171,6022.017139
514.999704,96,6023.506154
3429.913043,620,6032.969827
3793.337924,693,6043.523582
890.891143,163,6046.017907
1267.270097,218,6049.39088
2636.5109,465,6056.494868
3965.734877,718,6067.407663
527.367779,99,6068.920614
794.108438,141,6071.076843
3196.423706,547,6079.40655
351.123058,66,6080.407871
728.503941,135,6082.477333
446.624725,91,6083.874593
1469.975881,252,6087.710327
533.920037,96,6089.165433
575.92934,99,6090.6724
824.186204,148,6092.927365
1785.361456,333,6097.982836
3310.415787,584,6106.870051
1499.287411,299,6111.46276
881.744787,153,6113.785543
1304.193519,239,6117.440761
1851.406646,319,6122.296765
1449.947088,254,6126.167406
1018.07343,173,6128.797368
667.538968,132,6130.81098
2104.092017,355,6136.208534
3393.773656,601,6145.392954
1624.071963,299,6149.938788
771.604276,125,6151.834714
1419.809095,246,6155.575702
1538.297512,270,6159.705649
2118.137233,403,6165.831256
1957.740472,352,6171.207866
968.829506,191,6174.124062
1050.947732,173,6176.754023
715.010052,147,6178.998018
2056.902977,371,6184.66437
977.119414,206,6187.800975
703.746335,150,6190.083866
1163.320167,204,6193.207506
580.003976,131,6195.211144
2069.437726,372,6200.861024
743.830312,138,6202.963397
5815.00883,1000,6218.167706
1202.777784,223,6221.575586
1319.585562,227,6225.030341
2588.050759,453,6231.950819
2187.17356,388,6237.877957
1232.532978,237,6241.499265
2284.582033,422,6247.931052
1256.954533,206,6251.071647
1226.679435,217,6254.377799
4379.514397,744,6265.656614
1513.082464,263,6269.680844
997.704254,194,6272.651892
2243.943196,374,6278.323714
715.666711,123,6280.203682
1094.902547,186,6283.043083
2266.574276,386,6288.917362
1519.91816,285,6293.320578
2941.677633,498,6300.915252
2610.364339,468,6308.047166
480.108502,86,6309.361648
611.957315,109,6311.038161
1548.628467,263,6315.078348
485.39155,92,6316.496553
6114.034863,1000,6331.798601
771.182137,126,6333.725444
1550.072888,258,6337.671882
907.092114,177,6340.386617
3007.947794,514,6348.272512
1196.441112,237,6351.911773
2128.660227,382,6357.771092
1981.454186,405,6363.984463
1382.995344,230,6367.495068
1077.407546,190,6370.391317
1546.685992,284,6374.739679
1563.601326,271,6378.855664
639.235413,134,6380.90119
613.304156,112,6382.60862
1530.146935,267,6386.709645
135.55265,27,6387.119548
1846.232982,332,6392.213914
1637.73042,269,6396.314939
1000.224578,161,6398.779343
833.795371,152,6401.105119
1502.954888,248,6404.908939
2938.33502,530,6413.057132
1782.703693,333,6418.145514
1765.958652,297,6422.690351
3711.380162,657,6432.725494
1094.570994,212,6435.978788
994.072971,178,6438.70549
1896.117335,346,6443.990347
2949.292286,543,6452.312076
1975.688986,338,6457.483236
1444.411749,269,6461.601216
1439.453272,271,6465.742133
867.285841,176,6468.426948
1963.446597,376,6474.19551
1873.286875,332,6479.270927
1352.761391,241,6482.963046
2531.48199,414,6489.305073
1381.716826,241,6492.972258
524.121978,95,6494.431354
705.613432,143,6496.621492
696.371777,134,6498.671008
704.274081,129,6500.639738
301.003309,56,6501.490462
1833.846971,329,6506.518007
2012.142468,353,6511.934511
1562.968918,273,6516.102356
1759.242744,299,6520.675119
3465.538583,610,6530.001159
748.933671,133,6532.030728
841.112399,148,6534.285693
1636.370713,284,6538.657992
2293.124072,423,6545.142637
558.539568,102,6546.698473
2107.034017,334,6551.80381
1791.096081,320,6556.708683
5058.840659,840,6569.553308
4306.329452,719,6580.559851
1112.976758,193,6583.512948
1430.395746,264,6587.54017
2058.131181,338,6592.698366
2161.487745,348,6598.043062
1124.750474,188,6600.914377
1015.114514,191,6603.824589
2613.179878,461,6610.868737
526.249288,105,6612.492392
1329.404106,256,6616.420878
2657.810587,445,6623.231652
2833.315746,504,6630.989888
1372.887432,233,6634.623164
1976.065309,333,6639.723516
1449.401485,235,6643.33086
3213.378348,539,6651.596738
2316.906042,384,6657.497945
708.142493,138,6659.612287
817.560229,166,6662.14451
2960.397417,493,6669.701286
1867.524851,328,6674.726837
891.46825,154,6677.082532
3751.730593,631,6686.761628
975.252902,180,6689.514261
5539.522681,1000,6704.838251
1782.415185,317,6709.69226
1107.696736,191,6712.617431
2572.992742,484,6720.07647
525.140936,95,6721.543543
2155.118026,353,6726.949076
2162.711499,366,6732.551084
3788.090213,647,6742.451588
2587.280498,450,6749.321203
1867.387028,329,6754.368694
2187.64246,395,6760.431468
3875.131613,623,6769.931045
3783.152025,667,6780.162663
558.63461,117,6781.958856
944.02878,164,6784.473127
1713.955025,319,6789.358053
1300.307307,254,6793.231688
782.871185,135,6795.28918
1698.522771,308,6800.017526
866.463015,148,6802.285456
3160.441994,568,6810.968219
1746.301247,313,6815.748426
944.45824,160,6818.210836
2233.730089,367,6823.822817
1060.964528,180,6826.582432
1243.589028,229,6830.089047
1718.648272,281,6834.401506
2301.605767,410,6840.695661
2970.72562,484,6848.098848
689.097134,132,6850.114454
1322.467002,256,6854.029976
3505.952687,593,6863.088731
1072.937139,176,6865.789503
1160.534184,207,6868.953037
1062.788733,183,6871.757531
582.887511,121,6873.601597
1545.076097,251,6877.427357
1768.802902,320,6882.148722
1439.124958,244,6885.845827
1289.24181,226,6889.298587
2148.163099,385,6895.185832
2931.364972,532,6903.379901
1326.005678,229,6906.886517
1107.584173,199,6909.951315
1484.90609,258,6913.90274
2653.413333,462,6921.283986
3040.09351,513,6929.58876
1119.104224,195,6932.716389
2518.586583,449,6939.61393
2057.780849,352,6945.02445
5050.707762,881,6958.524321
828.014492,134,6960.586801
2528.195327,446,6967.449435
2067.621427,346,6972.732297
608.871279,107,6974.375898
1450.874533,242,6978.08198
1499.92092,272,6982.239852
1196.646743,208,6985.404383
567.946562,104,6987.010086
1104.951278,215,6990.299283
1579.95749,284,6994.621715
681.992794,130,6996.625353
773.066227,138,6998.736702
620.71661,116,7000.498986
2497.482564,439,7007.255903
3087.322787,517,7015.154763
1721.271767,299,7019.752459
1019.626447,201,7022.845182
3521.643567,613,7032.223085
1437.831011,268,7036.326103
1076.276547,188,7039.217366
683.776493,127,7041.162161
1734.081901,287,7045.531467
2486.115288,407,7051.775756
1142.6004,211,7055.009103
3228.604128,561,7063.601108
5707.278189,954,7078.189067
1889.034621,351,7083.558697
1506.133554,271,7087.745492
1198.434715,208,7090.900049
1369.435928,224,7094.336852
1316.713147,237,7097.980101
1354.127527,262,7101.980395
1382.408815,229,7105.47604
1062.767169,175,7108.167836
798.455392,150,7110.481644
3549.584044,645,7120.352228
3792.033148,623,7129.883719
1853.705058,301,7134.467452
1209.774986,209,7137.665892
579.300903,100,7139.191808
1189.599951,219,7142.547827
839.466996,148,7144.84468
1480.54842,262,7148.866915
2642.916046,466,7156.037724
685.860059,142,7158.210908
1260.392244,220,7161.563935
3407.276121,591,7170.628675
1977.898957,333,7175.705089
4057.432561,698,7186.446343
940.945704,164,7188.967595
882.005891,167,7191.522757
887.869515,174,7194.173662
2594.6268,448,7201.035299
815.706647,168,7203.611405
565.492783,99,7205.123358
893.420575,193,7208.107373
1899.804046,357,7213.566761
448.066309,81,7214.803452
4104.833134,717,7225.758134
1519.193786,262,7229.76142
1285.321419,221,7233.154341
1099.582022,205,7236.28197
569.667441,101,7237.823843
2778.801725,509,7245.60103
2299.280627,391,7251.615932
1041.875853,175,7254.288779
1259.331871,187,7257.147129
855.930895,140,7259.290393
3817.982068,686,7269.804255
5471.458459,982,7284.787157
2274.830909,391,7290.762167
1204.403057,218,7294.092255
3234.898857,557,7302.575551
704.68828,116,7304.353792
2645.387989,434,7311.002997
1352.0446,227,7314.464732
1949.899137,339,7319.642875
2506.680995,436,7326.322997
3068.910733,549,7334.744458
1349.681944,239,7338.3907
1460.085761,232,7341.946185
2349.988769,411,7348.203439
367.459994,70,7349.270583
813.847181,152,7351.600348
934.486966,161,7354.061761
2852.661569,497,7361.648456
1941.673847,356,7367.091888
761.405858,130,7369.077574
2906.887322,535,7377.26965
3417.286399,576,7386.056135
1652.436596,301,7390.684748
708.804003,125,7392.592642
1034.929916,184,7395.401126
815.637412,146,7397.641131
4247.24474,715,7408.602795
1040.246904,183,7411.386345
1755.691299,301,7415.980051
443.247153,83,7417.238683
384.636946,81,7418.475373
1444.094001,261,7422.476665
576.866465,95,7423.93576
2893.027697,489,7431.405768
968.907387,171,7434.030743
958.398099,154,7436.385441
1442.248779,232,7439.932947
1694.175383,265,7443.981113
5619.903657,923,7458.138225
950.223718,164,7460.645515
856.627916,169,7463.24057
2293.856291,409,7469.489845
1215.93487,212,7472.729176
775.233668,139,7474.866456
3028.676754,536,7483.08546
947.591251,162,7485.551859
510.667314,89,7486.91521
2566.839262,446,7493.802778
557.340391,109,7495.47231
575.928231,117,7497.267505
443.707729,93,7498.691693
442.130422,90,7500.063024
829.750536,140,7502.196314
383.307502,73,7503.325293
1527.205436,263,7507.366478
1238.674,213,7510.646699
1406.024925,258,7514.625052
460.376418,86,7515.938536
3350.285197,583,7524.858665
1978.036423,348,7530.201367
1970.048113,330,7535.234895
665.331029,124,7537.125834
1634.449828,290,7541.567945
2152.379253,366,7547.160977
756.163622,141,7549.31222
5694.447001,1000,7564.651169
873.916407,158,7567.058726
744.072884,135,7569.120209
1461.559691,281,7573.463585
976.46125,170,7576.061631
424.393987,74,7577.193602
1413.125841,250,7581.02435
901.887008,172,7583.655309
5003.329132,822,7596.263566
1938.825038,305,7600.939053
2853.911117,481,7608.319302
3701.722797,633,7618.015353
3341.334142,572,7626.77491
2285.47583,377,7632.579376
2907.994496,517,7640.534087
2550.50503,477,7647.833551
3125.113994,537,7656.055547
1129.842317,207,7659.240025
2824.747892,471,7666.497602
2852.122343,477,7673.791082
452.784658,78,7674.986882
1288.076441,210,7678.219232
1618.920839,272,7682.384085
727.089716,122,7684.260065
700.557506,122,7686.127068
1404.836635,258,7690.054557
2059.352927,389,7696.071454
693.265315,123,7697.953418
632.619263,114,7699.691765
2090.302647,378,7705.477282
1047.010827,177,7708.203985
1836.504426,300,7712.81265
1504.666336,266,7716.883755
1509.684044,242,7720.579863
2257.029289,379,7726.371364
877.992196,174,7729.039224
5795.893042,992,7744.207629
788.0948,139,7746.317982
1276.309127,225,7749.767749
1396.470775,235,7753.382076
2207.472489,375,7759.182553
805.03276,160,7761.626014
583.133205,120,7763.45811
2551.919169,477,7770.749596
1416.59675,233,7774.310067
1417.687055,271,7778.457967
623.112101,128,7780.421711
918.511799,154,7782.775412
1329.930236,251,7786.609152
2820.605527,476,7793.890665
1991.920668,335,7799.060828
1816.459404,322,7803.983654
1038.068991,187,7806.845993
791.387429,142,7809.031145
630.1441,117,7810.814373
4400.671006,709,7821.733151
1134.032827,197,7824.74509
3233.822862,536,7832.94714
4107.441815,697,7843.641518
2581.28747,449,7850.536067
2355.180191,407,7856.766393
934.999751,164,7859.264707
2288.886256,399,7865.389316
648.425794,108,7867.041893
1639.641089,257,7870.97038
4945.172831,802,7883.287416
1373.609191,233,7886.863845
1180.764628,192,7889.804973
1700.358716,300,7894.392696
1726.753006,286,7898.765991
1333.371646,228,7902.259641
680.454057,126,7904.188479
873.40212,144,7906.389589
1496.971066,253,7910.237291
734.283151,129,7912.205025
3598.482945,615,7921.589909
1453.219857,223,7925.001778
1013.566197,161,7927.45222
1386.91417,242,7931.140349
1166.854372,190,7934.065521
1408.812802,238,7937.765618
1626.093729,278,7942.009261
727.601652,140,7944.133576
3665.670285,595,7953.225245
827.982578,146,7955.460263
3963.82638,681,7965.842477
716.265282,134,7967.886009
808.179543,142,7970.062184
801.648091,146,7972.298201
795.373831,141,7974.432488
4984.043434,831,7987.101583
3119.770313,509,7994.848849
627.813879,115,7996.603154
1503.729341,262,8000.658301
4018.81393,672,8010.92682
2473.446396,401,8017.04744
1523.752679,241,8020.70166
1134.899656,192,8023.621845
6088.902152,1000,8038.876021
1468.208636,260,8042.841408
612.839187,110,8044.550833
1452.077829,276,8048.752588
2645.512931,464,8055.846603
825.503415,164,8058.34392
1478.924504,242,8062.09887
1246.123971,202,8065.203562
803.762194,152,8067.521358
1190.157647,200,8070.588151
2444.957325,399,8076.679848
1359.0101,225,8080.095706
1406.754112,226,8083.56941
1357.710422,244,8087.26851
2303.951357,354,8092.667062
1045.101335,176,8095.355866
2544.76141,439,8102.029007
956.838297,182,8104.821533
1685.779787,272,8109.003343
4760.907569,796,8121.196709
591.909323,103,8122.763517
2516.465229,457,8129.724886
944.057608,179,8132.472533
2955.73332,470,8139.640349
5755.938839,912,8153.549126
1815.610441,314,8158.33033
582.956504,96,8159.801393
2711.66988,452,8166.706912
2411.096923,398,8172.782652
1845.591478,325,8177.744373
2059.98603,351,8183.143923
3435.780757,547,8191.466649
632.07536,123,8193.358586
863.938161,154,8195.7073
6175.963747,995,8210.880692
1456.483729,242,8214.581787
2159.371419,348,8219.905539
1874.636663,305,8224.569058
1511.617263,266,8228.662104
4559.33364,717,8239.65668
4034.192461,665,8249.869348
1460.659877,246,8253.634272
4615.65677,772,8265.440675
4046.377154,695,8276.087183
1214.015519,217,8279.407297
1501.597311,248,8283.22109
1481.72402,249,8287.027902
2045.24243,346,8292.340684
837.896338,165,8294.879889
2604.767831,442,8301.66872
498.049388,87,8303.007138
4361.123024,754,8314.592133
880.294884,159,8317.022629
1237.872354,241,8320.710758
5212.399387,837,8333.514492
3293.467352,558,8342.083559
1465.435641,260,8346.05892
1005.098816,172,8348.692871
213.891896,45,8349.398981
1061.25742,204,8352.525613
1018.55917,169,8355.105709
4974.871596,824,8367.736904
382.421867,69,8368.809035
2863.554909,506,8376.554306
927.840742,159,8378.973831
1810.097823,304,8383.649318
1806.300724,301,8388.254992
513.008106,101,8389.794871
2421.194123,420,8396.222669
2610.056156,440,8402.944679
909.521914,153,8405.271452
1789.396595,294,8409.765425
6139.125802,1000,8425.094401
573.644765,109,8426.798839
1923.747507,324,8431.756571
1487.836624,262,8435.772822
215.08769,43,8436.427072
936.119412,154,8438.797727
862.218461,145,8441.023769
1372.551414,219,8444.388764
2150.323966,375,8450.112446
1922.363277,330,8455.186865
2309.793183,379,8460.988339
4032.402952,673,8471.296269
1572.276104,254,8475.220766
647.399777,113,8476.9641
411.084014,74,8478.099063
2896.023219,487,8485.538154
1092.754709,174,8488.252889
5785.50058,1000,8503.548952
3344.578351,570,8512.266622
733.96624,126,8514.191471
2297.38166,384,8520.093675
776.445398,145,8522.302762
1080.302182,186,8525.152137
402.236074,73,8526.275131
1750.587453,266,8530.342247
2239.160364,393,8536.387069
612.830019,100,8537.906004
2110.449719,355,8543.341457
1083.697112,187,8546.209781
5991.207969,962,8560.945345
2007.05443,326,8565.92801
2706.218974,479,8573.24044
392.566542,74,8574.374405
460.528746,87,8575.703847
1499.84578,256,8579.640312
5305.225751,884,8593.122231
1444.831749,249,8596.940014
3222.682985,537,8605.135082
1818.276172,304,8609.824532
4129.172168,665,8619.972373
1197.640988,227,8623.445079
1996.297028,338,8628.615243
1236.998237,222,8632.010157
1689.425455,268,8636.103203
4589.340461,767,8647.831814
1086.054291,163,8650.338107
1257.648245,226,8653.803832
1446.532041,269,8657.941757
1339.682781,228,8661.41945
4826.785024,780,8673.321598
555.626334,105,8674.943257
1985.45141,353,8680.211159
767.287178,122,8682.005357
961.608607,178,8684.708124
2166.119902,344,8689.966052
350.098012,66,8690.976348
2571.360728,454,8697.931734
825.317076,153,8700.264491
3792.740886,666,8710.463197
1809.008238,312,8715.245398
2797.223923,479,8723.001641
1422.550016,241,8726.878265
3976.589946,683,8737.716261
2790.166484,469,8744.873107
3003.904238,507,8752.659269
5930.739624,1000,8767.942367
521.216345,97,8769.424401
2356.144391,393,8775.41836
6281.692737,1000,8790.687495
774.672405,126,8792.644259
2785.310928,446,8799.473981
1029.643908,171,8802.081004
6386.52038,1000,8817.371083
1634.299687,267,8821.459143
932.226029,161,8823.903601
2136.498065,358,8829.349027
6307.483131,1000,8844.617166
3715.37865,579,8853.488424
684.917082,117,8855.295588
4986.489026,823,8867.838021
1492.567152,242,8871.558065
418.417913,76,8872.713972
1064.160731,185,8875.550381
3794.253979,635,8885.26937
1156.902929,200,8888.323198
993.347714,156,8890.710807
2016.670494,325,8895.689483
3772.406212,584,8904.633547
735.682476,138,8906.748885
3891.000056,640,8916.599522
1600.572204,244,8920.343503
1159.160933,223,8923.74839
1710.82754,300,8928.349078
1995.724213,308,8933.072437
3554.411035,580,8941.939706
2326.237741,401,8948.095232
2204.765368,357,8953.55861
2016.440534,335,8958.699851
1086.524197,184,8961.5213
451.929053,82,8962.783921
2662.327406,412,8969.086055
586.8876,110,8970.761571
4651.531266,759,8982.459265
598.572257,101,8984.019091
2111.948613,312,8988.780348
6316.26097,1000,9004.08439
4526.512348,722,9015.152769
3284.109398,519,9023.09252
2517.994428,414,9031.809192
1952.215155,307,9036.538535
1465.777119,236,9040.172809
4235.16435,661,9050.269786
1324.937296,233,9053.846215
3256.882013,559,9062.416279
1230.971555,232,9065.969769
1266.243498,211,9069.182172
3295.711836,550,9077.613607
782.103822,132,9079.6342
1582.254714,262,9083.653443
4676.502463,768,9095.424939
609.316595,111,9097.174258
958.633393,165,9099.6995
1377.062559,217,9103.042553
3361.271835,538,9111.263551
567.737687,116,9113.043787
2034.616424,334,9118.157102
2617.333556,421,9124.573929
1633.929241,261,9128.556271
602.332158,121,9130.413301
1757.751656,325,9135.396964
1170.176373,208,9138.599394
2230.637184,336,9143.737642
1155.981077,185,9146.573054
2847.940281,474,9153.839607
4560.124886,728,9164.989766
492.299167,93,9166.409965
831.314848,162,9168.880354
1786.248969,318,9173.73935
797.970649,149,9176.011269
999.954033,188,9178.904527
1274.903277,195,9181.896519
6006.012191,1000,9197.180615
3475.638378,580,9206.035916
3428.760479,570,9214.798466
1511.914421,248,9218.616248
2451.514176,415,9224.945309
2082.923471,339,9230.118465
5798.714764,1000,9245.371644
572.215252,100,9246.894568
2170.070636,372,9252.557412
3037.187783,480,9259.916717
1082.804112,199,9262.937632
2148.188506,350,9268.276344
1145.669651,208,9271.518667
1567.114611,256,9275.653601
5392.501547,862,9288.869232
641.895556,131,9290.87686
787.454466,125,9292.786748
3801.880437,600,9301.961195
1320.45809,261,9305.949521
5792.87625,964,9320.696056
724.86522,131,9322.691715
2987.623748,480,9330.019105
2026.331749,349,9335.359812
6137.055509,1000,9350.653881
911.323059,159,9353.074403
786.540439,158,9355.510882
1647.342801,261,9359.498211
5205.949988,808,9371.816245
262.064073,59,9372.715837
1028.735204,217,9376.04792
139.321036,31,9376.516665
2950.153377,518,9384.420513
760.62945,126,9386.355335
3020.79897,554,9394.85758
1785.021201,285,9399.209932
1057.757787,164,9401.764097
1360.465363,215,9405.04731
3021.856136,498,9412.672902
2265.084401,362,9418.204099
6313.623556,993,9433.344579
1899.789364,317,9438.195597
1305.611679,225,9441.625417
6238.340173,1000,9456.939433
805.678542,150,9459.232297
1203.40997,218,9462.604273
747.450443,145,9464.823334
680.334492,118,9466.621521
3092.0211,511,9474.402697
899.672471,164,9476.910984
1072.391076,173,9479.553911
1306.021063,243,9483.298889
5642.735319,925,9497.43007
2544.664606,422,9503.906737
1912.907463,316,9508.725839
1624.063716,255,9512.596481
1893.927923,326,9517.602084
2445.190766,388,9523.546176
2037.796516,333,9528.64154
428.086856,81,9529.872246
1293.764085,214,9533.164436
4968.203764,801,9545.394704
724.846332,123,9547.277665
1171.203507,185,9550.086149
1539.975972,245,9553.839105
1007.509009,160,9556.282565
463.004194,80,9557.507288
1780.482973,281,9561.791821
1218.229366,191,9564.704027
887.51392,141,9566.854273
4635.240724,756,9578.413338
971.348878,159,9580.848819
1943.4734,309,9585.622045
697.30586,120,9587.449156
4629.309908,776,9599.285478
3467.241979,567,9607.922364
6307.091345,1000,9623.208454
4876.85642,812,9635.606275
186.509939,36,9636.165777
6090.231054,932,9650.475481
1772.434011,342,9655.707479
180.679775,37,9656.272965
6241.76927,1000,9671.516171
2396.579915,407,9677.732534
6274.852599,1000,9693.032598
3450.760808,539,9701.254594
6335.453088,1000,9716.546668
1728.049042,264,9720.577879
2066.137336,315,9725.378033
1579.661173,240,9729.043224
2624.059287,414,9735.377272
781.626589,128,9737.329049
2459.081941,415,9743.679067
5968.476862,920,9757.725476
611.269863,114,9759.462826
1719.924738,270,9763.606736
1640.2365,283,9767.964075
4609.647503,730,9779.100271
4587.517948,721,9790.128756
1679.466836,266,9794.195871
2225.67546,375,9799.941495
978.236487,158,9802.353041
1969.055501,337,9807.505252
3333.589886,530,9815.583632
6464.868064,1000,9830.896651
577.918357,101,9832.439521
3615.946074,576,9841.227004
1253.389168,215,9844.512212
1923.210867,307,9849.181715
4695.714871,733,9860.365783
1760.548381,273,9864.550584
1046.8559,184,9867.367046
1771.238578,296,9871.885952
4982.494229,822,9884.484236
5906.147702,934,9898.792942
1391.739784,260,9902.786255
1563.357988,254,9906.676843
921.527322,156,9909.05847
1486.348508,264,9913.102646
2193.310123,376,9918.846275
361.109738,63,9919.826651
620.040292,111,9921.519121
1304.369314,217,9924.844223
719.795483,116,9926.617477
3256.717687,554,9935.078832
6222.003451,1000,9950.345973
2583.792387,441,9957.109871
3834.309207,631,9966.749074
2078.134031,334,9971.89231
2936.227041,482,9979.356334
6382.271904,1000,9994.631454
4725.357851,744,10006.025959
1325.728016,202,10009.10472
2274.003765,369,10014.787511
2285.869162,433,10021.435719
2126.846403,364,10027.000826
2414.689702,402,10033.141392
768.616708,140,10035.28665
2223.482194,379,10041.086129
6292.643945,1000,10056.37222
2783.476096,444,10063.155067
1095.184982,171,10065.774058
1379.876874,233,10069.352481
1581.28607,293,10073.875377
819.462547,137,10075.956806
864.870005,141,10078.113036
782.479684,161,10080.557494
1384.745088,227,10084.019229
2797.752898,454,10090.934722
661.439924,117,10092.722936
3958.805802,714,10103.632738
1293.849817,211,10106.861098
1985.739683,334,10111.971422
1800.298066,272,10116.139268
1053.85482,178,10118.844029
4808.671216,742,10130.178694
2569.354385,411,10136.501772
1520.688311,233,10140.043294
3822.319305,625,10149.592739
395.148943,72,10150.694788
944.136562,146,10152.921828
3901.795265,593,10161.984574
1476.898549,263,10165.974895
1364.42417,249,10169.765749
758.68326,130,10171.754427
6628.764675,1000,10187.047499
1383.375247,224,10190.48829
806.998126,129,10192.466995
4304.933943,668,10202.708586
3683.33439,573,10211.460164
797.974364,140,10213.613402
6331.934039,1000,10228.862591
1548.109722,250,10232.692342
6583.986218,1000,10247.947515
724.329964,120,10249.80654
1132.856454,183,10252.595076
4798.219805,746,10264.017507
1639.176184,250,10267.830303
3598.819958,558,10276.336538
2520.25129,390,10282.292598
774.982466,123,10284.172567
3960.805036,630,10293.808778
2988.408341,452,10300.69834
1715.795003,289,10305.119508
1269.240149,210,10308.337894
830.495298,140,10310.481159
2662.068726,478,10317.844452
3127.452648,479,10325.169848
1645.270166,264,10329.200062
574.087964,110,10330.876575
1372.029609,204,10333.998221
1717.760107,265,10338.053368
5425.134448,865,10351.256034
5307.727864,841,10364.07772
3406.70349,539,10372.319663
1592.105045,282,10376.618159
6594.159326,1000,10391.923198
5956.305222,908,10405.767148
2278.513788,367,10411.3901
1979.011623,299,10415.968846
2253.103283,359,10421.446187
2070.550014,298,10425.999003
3245.651235,519,10433.928781
3007.834343,484,10441.340944
1142.95492,183,10444.129481
1943.285793,317,10448.976509
6684.909549,1000,10464.24365
3940.978206,614,10473.631526
2639.131418,415,10479.832929
6477.682699,1000,10494.974407
4199.770297,642,10504.812079
2701.269883,408,10511.057365
6435.261564,1000,10526.93188
1227.152014,188,10529.950801
6412.948922,1000,10545.425387
2275.428888,354,10550.824936
988.642204,163,10553.319261
1106.125151,189,10556.225483
4428.160027,688,10566.759292
6449.105528,1000,10582.037404
3342.766827,510,10589.828553
4087.939206,636,10599.532582
4634.768022,739,10610.78447
1972.948929,315,10615.596591
2529.047394,381,10621.444939
1805.623526,300,10626.048619
1151.297151,190,10628.952846
6352.920489,1000,10644.222979
612.814932,101,10645.771834
1693.272779,263,10649.797062
1564.085203,238,10653.464247
869.919837,141,10655.612498
4083.36857,615,10664.988405
1801.724253,271,10669.12334
1017.542723,174,10671.784218
264.790642,48,10672.51626
1214.726866,191,10675.423479
1319.022829,196,10678.43841
862.546344,136,10680.507872
4108.459841,627,10690.1002
1869.712231,313,10694.906337
721.264779,134,10696.95685
1418.803037,237,10700.580153
1077.932128,184,10703.377666
2756.712076,413,10709.674813
2347.62994,378,10715.433402
4534.441511,736,10726.665342
2760.007719,429,10733.215811
2653.222342,410,10739.506974
1289.855091,225,10742.932806
331.741059,62,10743.928142
419.846052,73,10745.051137
253.711194,50,10745.819082
654.161712,140,10747.963343
2963.213473,476,10755.249843
625.398092,105,10756.851556
4014.308095,638,10766.5875
1363.872911,227,10770.066191
5296.328252,837,10782.867929
6365.42134,1000,10798.138063
1400.89911,224,10801.598801
1599.55909,257,10805.559202
1161.760561,201,10808.642949
5119.230885,856,10821.734911
1867.869317,293,10826.217914
594.243673,97,10827.707926
884.304602,141,10829.864156
313.750497,55,10830.7069
6448.556228,1000,10845.953097
517.731013,95,10847.41718
2511.464899,386,10853.316391
3407.646561,556,10861.819634
2411.006474,371,10867.544314
1755.833151,306,10872.212819
6723.742396,1000,10887.48395
6591.611204,1000,10902.756078
2586.181272,404,10908.914596
3545.041204,546,10917.261258
2773.614027,418,10923.667114
1728.557802,264,10927.731238
3647.954168,560,10936.278364
2926.928246,456,10943.223776
6434.876507,1000,10958.476954
2952.587108,466,10965.570969
2129.381284,365,10971.148043
6241.765751,1000,10986.382272
5108.664525,791,10998.476904
1919.671813,309,11003.191287
678.850549,125,11005.108157
1521.529581,222,11008.488112
6430.241603,1000,11023.751264
1255.360259,217,11027.076365
2438.021763,373,11032.564677
2888.685469,434,11039.16601
882.459234,144,11041.358143
774.051433,156,11043.73578
6584.842065,1000,11059.046804
1040.82088,167,11061.596979
3930.543061,576,11070.409395
6712.256046,1000,11085.712439
2705.333758,416,11092.082392
3971.662635,614,11101.450321
3800.885271,590,11110.505088
2433.269103,399,11116.610747
6511.083309,1000,11131.893846
1721.266774,261,11135.890151
1483.937269,225,11139.340916
5843.311314,900,11153.105079
2208.000655,370,11158.780397
4566.764254,688,11169.327676
2215.05375,328,11174.405087
1567.826435,238,11178.034374
6449.788942,953,11192.561496
4642.577848,702,11203.288307
2191.335983,333,11208.377686
809.552392,125,11210.280593
4099.02979,648,11220.17212
5058.982599,789,11232.271739
6694.176431,999,11247.554837
3191.631109,492,11255.07571
3475.045803,536,11263.286735
1473.346629,253,11267.192282
1716.580021,258,11271.116779
1699.291223,256,11275.042274
895.466462,144,11277.234407
368.866389,70,11278.300554
1525.366215,233,11281.850055
3967.426065,629,11291.426426
3191.135306,514,11299.312321
1527.516442,228,11302.772062
663.997984,128,11304.736804
3387.22612,512,11312.561862
685.522247,121,11314.407921
615.594356,102,11315.963757
6544.028812,1000,11331.215939
950.432373,175,11333.885793
2251.056099,341,11339.088869
680.097356,110,11340.755409
6495.54359,1000,11356.065435
525.744408,98,11357.566418
6992.049764,1000,11372.798653
3000.495051,445,11379.570529
632.497963,101,11381.1134
2407.781737,356,11386.554837
3291.874276,509,11394.316066
1976.791748,300,11398.900798
6065.568974,854,11411.903996
3336.419377,469,11419.093755
4225.553196,612,11428.431764
2321.413486,419,11434.835625
6620.859758,1000,11450.0908
2021.784557,301,11454.666553
1984.365391,294,11459.152547
2207.92408,326,11464.124242
6413.863483,1000,11479.414321
2890.947941,426,11485.886999
5800.709822,846,11498.743591
6804.630629,1000,11513.97782
5215.621668,772,11525.697456
2977.591145,493,11533.24426
1394.383047,214,11536.562379
3544.503419,522,11544.563964
3321.171963,502,11552.217482
1059.382722,173,11554.888333
2649.194141,415,11561.240334
1646.951287,253,11565.114964
2530.518539,386,11571.001211
6594.78849,1000,11586.278326
298.534781,50,11587.038292
6606.366463,1000,11602.345326
349.658443,62,11603.297777
6797.951673,1000,11618.547964
3039.732924,464,11625.64497
1300.461694,203,11628.743678
2447.265517,370,11634.389568
3934.230179,575,11643.157104
2978.382697,445,11649.933967
6732.940617,1000,11665.239007
1743.950613,261,11669.223343
2026.628129,327,11674.243907
6696.170787,1000,11689.519027
1799.172222,264,11693.535278
6961.204833,1000,11708.804415
822.839894,133,11710.835977
2827.627131,422,11717.294692
5236.411605,772,11729.138994
6256.678084,902,11742.881216
2386.314058,385,11748.748514
615.536979,129,11750.710263
2693.217349,384,11756.569582
4186.02922,656,11766.585776
3040.675378,442,11773.32873
2918.685705,425,11779.84928
4531.002081,683,11790.299313
2308.2872,340,11795.471471
4115.496851,617,11804.907218
2422.176217,352,11810.27984
649.208218,124,11812.159809
2785.279415,432,11818.7392
5809.357998,832,11831.408294
6262.320614,946,11845.902505
1817.269663,295,11850.389496
7040.459194,1000,11865.621731
6805.042026,1000,11880.867928
2528.012731,395,11886.88283
533.340394,97,11888.359878
1435.743916,220,11891.688968
7079.918969,1000,11906.97805
6976.090073,1000,11922.202306
6960.164181,1000,11937.436536
6848.192909,1000,11952.693703
5268.658919,780,11964.662671
6873.565494,1000,11979.884933
2986.984402,486,11987.315048
7003.064067,1000,12002.559251
3859.810525,621,12012.028908
5708.623704,831,12024.738892
6800.798278,1000,12039.995063
4244.446531,634,12049.64025
6084.451331,850,12062.610538
689.883534,125,12064.550346
2870.325378,424,12071.01704
7180.478861,1000,12090.258544
7140.809441,1000,12105.451883
6844.986859,934,12119.695763
848.224902,131,12121.693417
5944.2053,849,12134.651737
4383.371139,643,12144.45151
5945.66563,848,12157.427783
2314.025103,326,12162.387509
6810.475659,1000,12177.630714
6969.256122,1000,12192.879903
4245.449342,598,12202.026425
3463.936965,483,12209.460529
6979.061645,1000,12224.744625
7069.563989,1000,12239.962897
6978.033061,1000,12255.195132
6155.145632,864,12268.413756
7085.994515,1000,12283.548251
7027.486744,1000,12298.780486
1827.869207,271,12302.942348
7016.190128,1000,12318.331163
1622.635877,247,12322.382321
580.272006,104,12324.072797
7113.663525,1000,12339.921382
6786.956951,952,12354.440525
5158.58324,726,12365.535831
7066.720334,1000,12380.807959
2780.556162,432,12387.41029
7170.185658,1000,12402.699372
750.39707,127,12404.647159
7126.076256,1000,12419.923277
3963.037908,599,12429.091739
2728.050567,389,12435.01389
6045.700839,869,12448.262434
6679.363271,925,12462.460436
1517.749394,222,12465.842386
6892.109454,969,12480.608866
6890.278384,943,12494.982399
2452.327185,336,12500.098706
3860.944719,532,12508.213988
6018.312007,829,12520.906021
2426.348869,348,12526.23077
6453.658635,896,12539.901185
1370.356745,190,12542.799428
1775.173503,265,12546.85657
3141.016834,470,12554.010425
5407.714658,757,12565.559516
2591.00802,404,12571.720029
2794.025323,409,12578.028147
2132.71384,328,12583.065665
6966.908042,1000,12598.333804
2957.918956,408,12604.575101
2761.429809,400,12610.66979
3868.59026,544,12618.972569
4086.635609,566,12627.597487
719.409802,112,12629.30392
5465.008285,754,12640.888916
4313.08623,617,12650.274796
2412.844049,373,12655.967561
5713.995711,780,12667.859735
6555.90906,908,12681.723631
7083.303714,1000,12697.044629
964.747574,151,12699.362426
1367.736904,221,12702.748364
7362.965712,1000,12718.018497
5720.838974,799,12730.233805
7271.73054,1000,12745.545827
7282.609306,1000,12760.894749
1644.78139,242,12764.590857
2248.713025,317,12769.443869
4118.779664,573,12778.197442
7308.421018,1000,12793.509463
7131.939653,1000,12808.810514
834.183293,148,12811.073458
7333.307558,999,12826.424375
2308.459742,344,12831.684298
7363.841946,1000,12846.990335
7407.625606,1000,12862.265455
3702.778392,540,12870.522357
7541.944667,1000,12886.194415
7323.762118,1000,12901.496462
7233.708082,1000,12916.778564
3890.142128,538,12925.003551
4446.79398,645,12934.877127
2733.270379,399,12941.021683
1943.194249,284,12945.393981
1954.561165,284,12949.716413
6163.18169,847,12962.682712
7186.738695,1000,12977.970797
7431.800912,1000,12993.305757
7309.668574,1000,13008.660663
6083.104568,844,13021.556152
7271.269008,1000,13036.821298
7392.01742,1000,13052.055527
4606.156299,673,13062.363939
7613.587339,1000,13077.633075
7494.713659,1000,13092.885257
7394.591876,1000,13108.16636
7460.183052,1000,13123.457438
3354.751214,462,13130.535495
4008.649805,561,13139.074642
6392.142154,839,13151.848456
7642.165808,1000,13167.088669
5994.770491,787,13179.098527
7525.269687,1000,13194.445455
5006.258972,674,13204.742897
6564.588206,883,13218.203871
7430.358802,1000,13233.433115
4606.981764,631,13243.063341
2831.126163,403,13249.276713
627.515592,102,13250.862469
4084.202506,537,13259.073494
7474.712074,1000,13274.309718
2014.267829,282,13278.608214
7538.696308,1000,13293.833467
7315.874902,955,13308.446359
822.883175,139,13310.557709
624.467763,94,13312.004836
1756.369351,331,13317.08524
5842.011207,765,13328.770966
7606.05662,1000,13344.042096
7643.287479,1000,13359.298266
7579.041754,1000,13374.641205
7578.850406,1000,13389.915328
7798.971489,1000,13405.181471
2137.837359,293,13409.661482
7435.111534,985,13424.684277
1739.71578,251,13428.563894
5038.961421,672,13438.840391
4280.779602,565,13447.486253
7800.004241,1000,13462.755388
7625.511794,1000,13478.024524
1595.62653,230,13481.543109
2973.886452,395,13487.588928
7612.923514,1000,13502.912916
7853.602864,1000,13518.166095
7759.15639,1000,13533.465656
1702.468956,234,13537.039094
5227.391727,686,13547.514059
4118.308726,534,13555.744033
7802.165888,1000,13571.011175
7836.917315,1000,13586.29527
7812.617439,1000,13601.556428
4987.103249,667,13611.783058
7623.736778,1000,13627.047208
7622.748135,1000,13642.319335
4250.648769,580,13651.203559
7856.634696,1000,13666.453746
7780.308883,1000,13681.761777
8081.798848,1000,13697.043879
2352.432662,319,13701.917835
8015.103799,1000,13717.166027
640.864283,111,13718.871463
8011.831319,1000,13734.153563
1119.49033,192,13737.094692
3781.504787,480,13744.44901
2638.397919,348,13749.772763
8059.052378,1000,13765.07481
7042.830582,919,13779.115235
2718.46967,347,13784.428016
3577.658393,461,13791.461193
6013.136382,734,13802.711086
1992.792571,272,13806.851007
2008.434907,267,13810.925103
7860.761057,1000,13826.155343
7958.598814,1000,13841.444426
7945.925761,1000,13856.724532
2651.464662,349,13862.046289
8086.050244,1000,13877.281516
7904.410269,1000,13892.553644
4765.989627,594,13901.596443
7973.027094,1000,13916.890512
8149.51824,1000,13932.198544
7980.673582,1000,13947.474661
8078.195372,1000,13962.720858
7701.438728,1000,13978.039861
7723.589193,1000,13993.332932
7638.317301,1000,14008.605061
7987.873805,1000,14023.903119
7590.418803,1000,14039.188212
2143.936511,290,14043.588436
7505.70042,1000,14058.8845
8022.663091,1000,14074.1297
8065.280957,1000,14089.144516
8134.334872,1000,14104.42562
7786.346239,1000,14119.939101
7987.448843,1000,14136.021062
6744.558693,838,14148.803852
7908.037643,1000,14164.076977
8023.642692,1000,14179.333148
7970.285873,1000,14194.605276
8057.266,1000,14209.890369
8038.396025,1000,14225.181446
7982.969271,1000,14240.433627
8288.015421,1000,14255.701766
2751.50721,354,14261.115278
8170.105746,1000,14276.416328
5482.506031,694,14287.01995
5854.38321,731,14298.186067
6202.886338,742,14309.526716
8380.551445,1000,14324.804828
8108.672954,1000,14340.084935
8390.341777,1000,14355.419894
8281.594159,1000,14370.697009
158.217177,34,14371.216618
8236.998226,1000,14386.480767
577.424054,105,14388.0755
8203.748713,1000,14403.358598
3703.636359,460,14410.416709
5236.748029,641,14420.525655
886.755499,138,14422.68687
482.514169,100,14424.217774
3759.970286,480,14431.62495
568.213794,102,14433.192754
8387.957079,1000,14448.687287
8448.614507,1000,14464.204846
2465.859102,308,14468.947842
5174.094215,625,14478.382123
8172.580396,1000,14493.690165
8354.637801,1000,14509.083244
3261.135894,416,14515.487065
8466.881255,992,14531.085188
8338.563211,1000,14546.322747
7300.60127,891,14559.722281
8323.672069,1000,14574.771887
5398.093688,629,14584.332877
4340.059426,509,14592.275907
8592.051462,1000,14607.700929
7000.609856,838,14620.785197
8113.047186,1000,14636.191396
5160.830537,649,14646.029338
8651.644831,1000,14661.254349
8520.582401,1000,14676.583816
8686.434442,1000,14691.926513
8474.577297,1000,14707.316495
8442.851107,1000,14723.07401
8459.576577,1000,14738.409598
4104.577187,495,14745.853308
8602.605403,1000,14760.945598
8390.310389,1000,14776.336301
8425.92776,1000,14791.412289
8290.499068,1000,14807.122374
8444.958794,1000,14822.689513
8414.100743,1000,14838.030758
4277.793314,504,14845.948643
8457.234121,1000,14861.475941
8660.601849,1000,14876.704543
7475.453155,860,14890.182014
1803.881675,234,14893.67458
8631.457276,1000,14908.813003
8503.180454,1000,14924.04971
3592.058479,421,14930.482774
8938.913044,1000,14946.000769
5253.126745,600,14955.397123
8680.527326,1000,14970.828163
8638.198817,1000,14986.419586
477.699921,85,14987.726388
946.436554,134,14989.787182
8433.984067,1000,15005.192068
4354.796358,511,15012.964383
8381.274965,1000,15028.613888
2441.431675,300,15033.24746
2542.402462,308,15038.079419
8493.275907,1000,15053.629502
8348.757234,1000,15069.125814
8502.357414,1000,15085.01674
2883.431732,356,15090.525345
5118.219352,632,15100.183226
8550.214187,1000,15115.304187
8456.770646,1000,15130.980171
3844.261912,466,15138.352417
3727.302159,448,15145.363914
8427.820374,1000,15169.281206
8672.130258,1000,15184.490366
8351.734869,1000,15199.945658
8406.050514,1000,15215.456938
8394.304006,1000,15231.044565
9000.837077,1000,15246.883414
8570.805101,1000,15261.785221
2169.566045,270,15266.105209
8743.977805,1000,15281.329655
8774.324957,1000,15296.841387
8721.761561,1000,15311.939981
8713.646877,1000,15327.156995
8579.498203,1000,15342.627516
8545.057524,1000,15358.288687
8910.59477,1000,15374.230908
3346.240599,397,15380.513943
8668.520474,1000,15395.697138
4346.817164,508,15403.30544
7759.772601,866,15416.595677
8897.137797,1000,15431.534991
8566.870046,1000,15446.420845
8721.954361,1000,15461.340801
8961.648049,1000,15476.242283
9041.83638,1000,15491.109257
2397.657366,296,15495.546084
6778.233415,789,15507.438966
8895.555544,1000,15522.461607
7927.353423,907,15536.128871
8821.832073,1000,15551.140597
8856.98608,1000,15566.205918
8311.570264,932,15580.198651
9109.850895,1000,15595.241794
8465.454365,1000,15610.258142
8697.137782,1000,15625.323389
6700.349711,767,15636.828998
495.084778,79,15638.007113
8556.405663,1000,15653.017197
8780.585731,1000,15668.026152
8862.381751,1000,15683.047712
8826.059944,1000,15698.077009
8713.433585,1000,15713.121342
8860.393043,1000,15728.137969
8847.362076,1000,15743.118352
9013.752672,1000,15758.179353
9043.433226,1000,15773.197046
5956.357306,685,15783.500364
8996.643208,1000,15798.494612
9094.193777,1000,15813.537143
9110.556645,1000,15828.567164
2345.437807,284,15832.807246
4683.018389,534,15840.810852
6522.808588,726,15851.702693
4194.810932,479,15858.88173
9046.336099,1000,15873.959481
9102.832328,1000,15889.042085
9085.745005,1000,15904.023159
8876.831415,1000,15919.024807
5672.91261,638,15928.632099
3984.042793,454,15935.461129
768.648059,134,15937.471816
770.074443,134,15939.482641
9117.028877,1000,15954.487789
5311.83347,606,15963.577268
9170.786059,1000,15978.597804
9275.682271,1000,15993.64214
3090.129494,367,15999.149094
9276.979097,1000,16014.15176
8746.980313,1000,16029.173706
620.074311,96,16030.607515
941.542672,130,16032.550913
9355.758858,1000,16047.55045
9073.083817,1000,16062.589766
9192.852319,1000,16077.592769
9240.182938,1000,16092.599071
9223.055243,1000,16107.581715
9241.395385,1000,16122.662473
9279.448669,1000,16137.703118
9159.012073,1000,16152.740818
8989.492225,1000,16167.73712
9416.991989,1000,16182.792917
4867.869777,527,16190.721862
5544.267692,600,16199.891446
8960.358291,949,16214.113209
9332.394117,1000,16229.120576
9405.379199,1000,16244.112147
9319.60176,1000,16259.109674
9244.022344,1000,16274.10827
9324.782632,1000,16289.120124
9412.313348,1000,16304.156104
9499.483195,1000,16319.162106
9427.767347,1000,16334.184889
9365.042536,1000,16349.197462
9580.061353,1000,16364.21187
9752.201633,1000,16379.221053
401.445973,67,16380.231093
9413.183277,1000,16395.238117
9501.65182,1000,16410.254858
1219.27399,171,16412.824759
453.658421,76,16413.964786
416.16037,68,16414.981279
939.15425,173,16417.616225
9614.63735,1000,16432.62566
4577.373062,502,16440.136903
9805.151347,1000,16455.14079
3107.412886,362,16460.560352
9557.860807,1000,16475.538684
9387.678624,1000,16490.814726
881.297225,139,16492.928222
8795.28674,911,16506.597412
9589.291061,1000,16521.602782
1996.546454,247,16525.310881
9770.505928,1000,16540.336621
9243.488884,1000,16555.361953
9558.747303,1000,16570.361737
9367.646183,1000,16585.358968
9541.900862,1000,16600.42754
9661.354625,1000,16615.446057
9431.180305,1000,16630.456457
9751.556702,1000,16645.476393
9553.806859,1000,16660.528417
5712.751303,608,16669.673772
9777.446288,1000,16684.653025
9633.238762,1000,16699.674097
9419.273558,1000,16714.678425
9577.225173,1000,16729.70783
9602.639373,1000,16744.711577
5675.18137,590,16753.564455
8561.375115,886,16766.89781
6139.682171,666,16776.887466
9866.956983,1000,16791.953511
8864.576592,1000,16806.9675
9731.00087,1000,16821.952261
9715.203643,1000,16836.942699
9952.629054,1000,16851.96268
9542.581456,1000,16866.937354
3651.886973,411,16873.082506
7855.193018,817,16885.369943
9886.470797,1000,16900.388813
9498.273273,1000,16915.41655
9867.095346,1000,16930.403252
9824.299605,1000,16945.425301
104.882884,21,16945.738604
134.337433,26,16946.130959
9822.891285,1000,16961.104618
4861.379175,558,16969.527441
294.560494,55,16970.357747
413.137976,66,16971.352447
9870.453873,1000,16986.340203
4409.302691,526,16994.226584
507.176131,100,16995.738151
455.206616,80,16996.94144
3748.796479,447,17003.644414
7684.535477,800,17015.643601
522.43661,93,17017.04257
165.244224,30,17017.493839
9688.96399,1000,17032.543312
6049.293198,648,17042.241898
9873.817472,1000,17057.25182
456.703923,83,17058.501488
486.596125,82,17059.736039
9488.236717,1000,17074.740554
9447.060567,1000,17089.806556
9558.568612,1000,17104.798554
9679.194723,1000,17119.816103
618.153664,102,17121.336702
9606.483508,1000,17136.305495
854.072066,121,17138.114682
9573.260999,1000,17153.191779
752.929471,113,17154.887239
9757.378009,1000,17169.88132
9533.614182,1000,17184.880844
9610.043401,1000,17199.862821
9636.285824,1000,17214.917084
9658.263038,1000,17229.915788
9558.671638,1000,17244.904166
9737.477548,1000,17259.915752
9829.802398,1000,17274.93722
9737.914338,1000,17289.945565
9780.058335,1000,17304.948922
9751.196745,1000,17319.924261
9756.072254,1000,17334.950684
6444.782744,668,17344.950287
7097.53012,734,17355.938738
9850.843055,1000,17370.910445
9867.570769,1000,17385.909676
9852.970012,1000,17400.954138
6179.614076,634,17410.442976
9984.742541,1000,17425.426422
9979.009118,1000,17440.424826
476.795784,79,17441.60078
9726.018929,1000,17456.623487
9656.783323,1000,17471.586139
9875.013866,1000,17486.599118
319.269426,55,17487.429429
747.773611,110,17489.073733
7566.579971,778,17500.718172
9889.261209,1000,17515.759208
9916.502617,1000,17530.765247
9825.879661,1000,17545.756406
9682.370136,1000,17560.707314
9674.201891,1000,17575.744375
9793.25731,1000,17590.735214
9725.795575,1000,17605.748016
9944.500244,1000,17620.711438
8139.642181,831,17633.165999
9868.963054,1000,17648.220241
9880.565017,1000,17663.215314
9893.787469,1000,17678.245675
9937.955016,1000,17693.261182
9966.806984,1000,17708.280992
9828.280024,1000,17723.280424
9824.804924,1000,17738.272305
9841.071223,1000,17753.2741
9790.225965,1000,17768.306741
9836.862844,1000,17783.319502
9835.074438,1000,17798.327154
10063.688764,1000,17813.367548
10044.451954,1000,17828.449196
9980.637103,1000,17843.474462
10073.430924,1000,17858.528975
10054.309775,1000,17873.583192
9969.531654,1000,17888.670585
9898.716009,1000,17903.715933
6496.491914,665,17913.694528
9904.300691,1000,17928.714781
9777.75803,1000,17943.803958
487.477564,77,17944.963676
9703.820831,1000,17960.040698
9927.222359,1000,17975.068732
9992.439804,1000,17990.128908
10024.607755,1000,18005.216749
10000.688712,1000,18020.244426
366.882792,71,18021.327625
262.696548,52,18022.119239
681.619627,146,18024.31502
341.319921,66,18025.312709
974.711904,169,18027.85234
407.801298,89,18029.215625
568.125425,118,18030.992285
607.806999,125,18032.884872
227.924718,46,18033.567138
368.304812,73,18034.67042
9803.585028,1000,18049.724826
1249.269411,256,18053.602282
206.095843,49,18054.338541
9458.985574,1000,18069.44394
545.431124,111,18071.113715
396.592624,86,18072.419182
576.11024,132,18074.397073
516.263058,117,18076.164689
428.706181,96,18077.621922
479.772648,96,18079.081091
500.828579,114,18080.807026
497.060476,104,18082.381774
754.501976,145,18084.568306
9567.041128,1000,18099.624357
584.467784,110,18101.277562
9154.482792,970,18115.870267
621.267607,137,18117.923172
335.239199,74,18119.033434
470.386009,95,18120.476133
406.014625,90,18121.820066
408.67196,85,18123.103239
699.129625,137,18125.188548
375.976812,81,18126.41479
474.448602,95,18127.836408
377.98834,85,18129.15013
751.716215,149,18131.397991
503.246406,102,18132.926303
332.161514,75,18134.057153
577.495727,112,18135.742777
817.036799,164,18138.208615
1217.902408,217,18141.490844
776.97365,138,18143.57665
849.20288,151,18145.82896
343.367539,69,18146.860549
9557.928684,1000,18161.868284
2173.81745,269,18165.916579
9941.680771,1000,18185.867237
9880.150612,1000,18200.8552
9858.939699,1000,18215.863972
10160.166114,1000,18230.832086
1275.793392,175,18233.462635
10150.686529,1000,18248.503022
9993.714103,1000,18263.505524
4713.742389,493,18270.900316
10042.59102,1000,18285.893818
3920.200552,426,18292.290425
9863.593032,1000,18307.334083
6110.048471,654,18317.164438
745.441486,118,18318.938299
8095.481903,819,18331.221049
889.398455,120,18333.015063
10044.661411,1000,18348.019593
6871.866177,691,18358.36834
9884.441963,1000,18373.402611
10072.622544,1000,18388.382036
10072.801008,1000,18403.391275
2733.443734,330,18408.329463
10034.047788,1000,18423.365466
1973.39563,238,18426.932292
406.326446,69,18427.976837
6928.888145,723,18438.86319
452.704509,76,18440.013498
513.073232,86,18441.309475
1262.039515,193,18444.208955
439.187329,76,18445.347886
514.858463,87,18446.679501
9898.023791,1000,18461.697208
471.373704,85,18462.982144
10074.950466,1000,18478.056217
10059.612939,1000,18493.143504
9634.329235,1000,18508.179884
398.187777,71,18509.258453
401.069742,66,18510.251876
9898.042792,1000,18525.262695
486.070521,78,18526.424385
481.01686,78,18527.59937
458.192113,77,18528.77264
460.639315,78,18529.939207
577.729847,101,18531.456872
9860.639459,1000,18546.496295
427.908194,73,18547.592527
1237.625773,161,18550.010158
640.913427,104,18551.617304
731.943607,134,18553.62744
9661.894054,1000,18568.687037
485.166278,80,18569.897974
577.070534,96,18571.335877
9893.471343,1000,18586.360237
10079.173984,1000,18601.411221
10087.120096,1000,18616.474324
10224.253723,1000,18631.500998
10266.127728,1000,18646.496061
6085.538582,611,18655.649836
10185.934136,1000,18670.676618
10068.424448,1000,18685.705627
10144.222532,1000,18700.68707
7045.607789,705,18711.262826
10263.066207,1000,18726.289263
10252.760058,1000,18741.364028
834.24296,118,18743.140656
10171.082272,1000,18758.107862
10211.565444,1000,18773.106569
10156.45309,1000,18788.082905
8150.335607,834,18800.627338
10267.986131,1000,18815.598776
10241.179434,1000,18830.559813
10211.423151,1000,18845.548304
4835.332403,495,18852.975505
973.755428,125,18854.84439
10193.578476,1000,18869.841501
10193.162132,1000,18884.809173
10250.351617,1000,18899.811695
10297.032196,1000,18914.847205
10251.445432,1000,18929.938536
378.121816,63,18930.883211
10293.429479,1000,18945.938187
10177.580435,1000,18960.955911
10300.651615,1000,18975.975311
10290.725848,1000,18991.034564
10278.383061,1000,19006.047944
10359.523426,1000,19021.082984
10314.413273,1000,19036.062719
10224.770461,1000,19051.112037
10354.204174,1000,19066.11564
10248.159972,1000,19081.111551
10072.882108,1000,19096.071482
6565.486506,651,19105.861444
9267.647142,913,19119.526899
479.138131,103,19121.070715
458.165783,83,19122.319929
350.917691,73,19123.4134
500.018691,96,19124.85897
9867.542148,1000,19139.829926
378.66404,80,19141.024858
238.282543,49,19141.756972
295.9411,64,19142.741515
488.96811,86,19144.03237
10141.436205,1000,19159.000768
530.329688,100,19160.50237
365.59796,77,19161.700667
10046.695955,1000,19176.674982
1018.267257,169,19179.203204
10117.862439,1000,19194.189301
402.170494,65,19195.155862
10333.982399,1000,19210.132818
3691.508189,386,19215.916768
10400.805939,1000,19230.916116
10353.630362,1000,19245.856162
10325.376358,1000,19260.84337
264.127719,45,19261.511726
10295.935584,1000,19276.467449
752.317504,104,19278.023373
10449.703732,1000,19293.033409
10432.574029,1000,19307.992866
1635.799149,193,19310.884966
889.364374,123,19312.729301
10313.073983,1000,19327.75456
934.584064,127,19329.648501
10164.621699,1000,19344.664889
10354.740131,1000,19359.614297
10412.582406,1000,19374.559097
10465.626797,1000,19389.54632
10216.80691,1000,19404.51863
10245.21387,1000,19419.515884
10324.956313,1000,19434.479691
10454.64657,1000,19449.477765
10413.867574,1000,19464.450118
10520.905014,1000,19479.454705
10571.149684,1000,19494.463142
10015.793677,1000,19509.449174
10465.130401,1000,19524.41646
10407.873492,1000,19539.429627
10339.62488,1000,19554.398987
10444.327265,1000,19569.372345
5358.498982,547,19577.572968
10515.458355,1000,19592.622272
10412.025335,1000,19607.599174
10430.417908,1000,19622.632022
10528.243695,1000,19637.615279
10229.918511,1000,19652.625423
10407.35926,1000,19667.630011
10540.496022,1000,19682.613137
10396.142111,1000,19697.577853
10420.121951,1000,19712.625865
10391.5019,1000,19727.598203
479.029016,78,19728.776536
473.867351,79,19729.961493
10357.224761,1000,19744.959957
10483.643887,1000,19759.975106
353.534774,61,19760.894412
10466.680567,1000,19775.891155
10653.593299,1000,19790.923984
390.577868,65,19791.897169
10287.278484,1000,19806.886477
10357.266838,1000,19821.872924
10214.113649,1000,19836.905783
10438.484965,1000,19851.876626
441.449511,74,19852.9879
323.658671,60,19853.88869
520.037564,92,19855.261141
429.264599,77,19856.407671
10360.858028,1000,19871.379748
10363.426748,1000,19886.387861
10433.223902,1000,19901.403134
10111.360856,1000,19916.385183
391.952861,77,19917.569121
9954.992091,1000,19932.529659
267.143762,55,19933.3667
10225.548211,1000,19948.338812
3706.187449,414,19954.5772
10326.776302,1000,19969.544738
355.421911,68,19970.559557
207.007842,44,19971.222315
706.065456,126,19973.117813
618.803468,120,19974.927551
481.480408,103,19976.482611
284.231128,58,19977.375881
178.818055,40,19977.977428
10301.884336,1000,19992.950217
10132.983172,1000,20007.953929
10265.719397,1000,20022.938042
10416.419907,1000,20037.914266
691.126977,137,20039.959912
526.689226,97,20041.418618
865.19192,139,20043.496035
10298.521049,1000,20058.465763
10490.332107,1000,20073.442018
10495.531487,1000,20088.703016
10530.883102,1000,20103.678114
10403.322945,1000,20118.632642
10487.47893,1000,20133.617675
10579.592229,1000,20148.614064
10518.433056,1000,20163.598684
313.074607,53,20164.389682
10514.09812,1000,20179.428923
10407.03735,1000,20194.434234
10457.236834,1000,20209.459331
10688.535161,1000,20224.472115
10559.13197,1000,20239.483087
10677.172301,1000,20254.470884
10498.380601,1000,20269.503464
10549.633813,1000,20284.49768
10468.120813,1000,20299.490488
10561.639317,1000,20314.481497
1385.983379,177,20317.12477
10303.03045,1000,20332.139953
10643.995954,1000,20347.133405
10531.972495,1000,20362.157771
10549.795992,1000,20377.153879
10647.582299,1000,20392.1703
10586.989709,1000,20407.179276
10664.264627,1000,20422.203569
10579.695212,1000,20437.183022
10619.620618,1000,20452.237261
10709.82559,1000,20467.228656
10625.365212,1000,20482.227746
10674.018701,1000,20497.20458
10654.420477,1000,20512.2098
10435.725828,1000,20527.194153
10651.403548,1000,20542.19079
10422.989612,1000,20557.1745
765.623287,117,20558.927804
10603.736071,1000,20573.91291
10660.849111,1000,20588.891539
10719.950499,1000,20603.877498
10645.179097,1000,20618.856185
10729.196255,1000,20633.871191
10664.40676,1000,20648.862488
10585.808717,1000,20663.853654
10376.431032,1000,20678.834399
10705.553447,1000,20693.84693
10645.112683,1000,20708.848097
10654.603145,1000,20723.911755
10436.978785,1000,20738.906772
10722.912718,1000,20753.941202
312.280747,53,20754.749411
10744.279478,1000,20769.772171
10548.239068,1000,20784.804921
558.744596,111,20786.464804
533.295621,90,20787.823227
10608.51585,1000,20802.834085
10699.976963,1000,20817.885044
265.413377,49,20818.621827
491.665715,87,20819.922961
449.777408,75,20821.044943
10419.533564,1000,20836.062274
481.830095,85,20837.348274
10615.952771,1000,20852.33373
10307.935343,1000,20867.298662
10654.928353,1000,20882.325703
2013.155535,219,20885.595578
643.76534,123,20887.444531
10428.463481,1000,20902.43313
10602.394515,1000,20917.426816
10657.432349,1000,20932.474349
10692.685364,1000,20947.469585
10511.224795,1000,20962.467691
9646.346026,905,20976.040418
667.644741,110,20977.681603
10756.099237,1000,20992.720311
409.494736,71,20993.780866
10561.000559,1000,21008.776949
419.714268,78,21009.947882
365.685984,70,21010.994501
779.532161,134,21012.99849
353.990436,66,21014.002604
659.374083,113,21015.685972
459.312196,84,21016.939242
10711.041798,1000,21031.994883
839.204086,141,21034.107542
10766.204435,1000,21049.076289
655.570782,126,21050.966769
10722.573793,1000,21065.958607
326.174159,60,21066.849685
421.018115,82,21068.084562
10507.399696,1000,21083.0798
474.837821,87,21084.387035
683.075346,135,21086.395401
373.689527,80,21087.60689
391.708922,76,21088.739578
436.067606,83,21089.978486
345.560988,65,21090.961222
10715.659581,1000,21105.90459
10543.747891,1000,21120.911102
8681.234489,819,21133.165519
10771.700459,1000,21148.152647
10751.264752,1000,21163.111823
10647.694467,1000,21186.026029
10543.892748,1000,21200.846957
792.354219,110,21202.492098
10697.43258,1000,21217.429694
10788.753454,1000,21232.36309
10874.908532,1000,21247.335095
10854.024513,1000,21262.299443
10765.557816,1000,21277.248859
10761.279217,1000,21292.213199
428.648095,67,21293.220896
10833.250081,1000,21308.225483
10773.67447,1000,21323.181968
10843.659396,1000,21338.126326
10769.184729,1000,21353.103985
10784.753976,1000,21368.113282
540.319586,81,21369.336565
10820.778924,1000,21384.315554
10858.317588,1000,21399.256301
355.010565,63,21400.217632
381.026571,66,21401.199417
338.472861,72,21402.277794
977.235853,147,21404.479124
1366.951065,232,21407.966569
452.238754,105,21409.556496
446.693826,80,21410.754681
300.434719,61,21411.669752
10718.636768,1000,21426.704217
388.009814,75,21427.822433
281.969032,64,21428.790681
187.723063,39,21429.382225
510.059587,96,21430.827271
406.182471,75,21431.954741
10312.649145,1000,21446.931554
663.305701,129,21448.864007
375.328803,81,21450.088244
583.503554,122,21451.920062
245.311056,53,21452.708001
343.790254,65,21453.681322
342.010476,75,21454.826883
443.55033,80,21456.022848
360.057782,73,21457.112554
412.902204,75,21458.231078
10480.480284,1000,21473.1955
631.978458,127,21475.103395
787.843611,147,21477.311916
10410.599118,1000,21492.324657
10800.135194,1000,21507.304008
10805.69215,1000,21522.277685
4682.683014,482,21529.483103
10825.694402,1000,21544.476739
1584.370062,186,21547.252287
10883.523978,1000,21562.247697
3599.978299,365,21567.693793
1613.722999,185,21570.465383
650.092876,110,21572.114944
10831.879879,1000,21587.102248
10800.850162,1000,21602.076628
10832.342203,1000,21617.036663
10686.496227,1000,21632.030532
10810.924311,1000,21646.972058
10724.89711,1000,21661.927075
10790.022259,1000,21676.920092
10743.512762,1000,21691.871169
10749.346106,1000,21706.818867
1094.887582,150,21709.069062
10939.365557,1000,21724.024909
10812.197127,1000,21738.946585
10643.970548,1000,21753.896069
10786.792463,1000,21768.850563
10805.741127,1000,21783.838987
10879.925007,1000,21798.810239
10814.17237,1000,21813.743858
998.153438,140,21815.837182
10829.998927,1000,21830.774869
10820.713446,1000,21845.75474
10863.865619,1000,21860.684592
10806.825231,1000,21875.612625
658.475114,95,21877.027857
10811.004595,1000,21892.002692
10811.019949,1000,21906.982065
10963.869422,1000,21921.899814
10905.644797,1000,21936.859092
10945.755805,1000,21951.783438
10877.405725,1000,21966.731184
10815.373334,1000,21981.729632
1095.555001,141,21983.827013
10840.742999,1000,21998.786423
10859.430004,1000,22013.725764
10813.776204,1000,22028.721908
10845.573703,1000,22043.683668
10934.982569,1000,22058.636875
10778.630735,1000,22073.560783
10946.352937,1000,22088.520284
10928.53089,1000,22103.476842
10867.746542,1000,22118.415302
10844.341436,1000,22133.358202
683.898342,100,22134.854091
10821.262965,1000,22149.795002
10814.143039,1000,22164.800445
10709.564297,1000,22179.735608
945.268514,137,22181.790233
10728.821445,1000,22196.712959
10714.174802,1000,22211.697991
10889.990909,1000,22226.647776
10873.113201,1000,22241.580407
10849.899948,1000,22256.551087
962.868991,141,22258.671961
7614.145201,723,22269.494961
10531.898571,1000,22284.516477
10843.698174,1000,22299.455733
10519.150892,975,22314.050478
10238.996717,948,22328.243343
695.423585,117,22329.991944
382.392802,85,22331.262325
117.778115,23,22331.62407
234.649803,44,22332.284018
10855.71667,1000,22347.297537
10804.09041,1000,22362.260009
540.110893,101,22363.782503
505.060433,100,22365.279748
572.735052,108,22366.898387
351.981859,72,22367.977778
666.391633,128,22369.895575
640.023726,130,22371.835638
359.401373,75,22372.958184
510.16092,103,22374.496022
584.144711,128,22376.409086
423.880754,85,22377.695274
94.296542,19,22377.98192
6097.534708,654,22387.797555
10837.189143,1000,22402.776912
787.295205,126,22404.660774
127.781426,25,22405.040722
315.436998,64,22405.997332
591.140387,112,22407.673976
406.756591,90,22409.030518
895.853069,163,22411.462141
514.012128,98,22412.939797
577.947321,117,22414.712061
371.186999,69,22415.746969
435.558973,81,22416.958898
306.891055,59,22417.834927
351.327427,67,22418.833513
269.292954,49,22419.570264
370.230111,69,22420.604234
473.463293,78,22421.766721
506.116076,79,22422.945419
10829.546499,1000,22437.886102
392.11201,77,22439.045044
518.470628,86,22440.333391
527.793492,82,22441.561227
384.095599,79,22442.756578
10751.285226,1000,22457.743562
1297.343085,182,22460.458521
10752.636343,1000,22475.426936
1219.985153,149,22477.64935
10720.461805,1000,22492.60209
317.013699,53,22493.397845
10894.163214,1000,22508.39981
7280.179962,689,22518.737601
10698.922845,1000,22533.703862
10974.829877,1000,22548.641332
10677.498462,1000,22563.653342
10821.948865,1000,22578.636785
10782.125876,1000,22593.579378
10824.685818,1000,22608.568074
10848.293755,1000,22623.544748
10949.065771,1000,22638.518568
10972.727316,1000,22653.506857
11030.945327,1000,22668.477836
10950.031933,1000,22683.482866
10935.839646,1000,22698.451647
774.646468,112,22700.169872
10861.023833,1000,22715.132651
10999.775882,1000,22730.08689
10799.457671,1000,22745.087419
11004.113665,1000,22760.041351
10795.829993,1000,22775.045035
10742.269234,1000,22790.006063
199.294773,36,22790.542786
214.836291,38,22791.113342
296.997603,50,22791.859491
279.803437,47,22792.561243
332.819018,56,22793.407564
180.614732,33,22793.894193
177.265941,32,22794.377037
403.263955,68,22795.385788
349.667529,58,22796.252435
10494.464142,1000,22811.252451
1260.001643,168,22813.771351
541.479619,87,22815.067688
10775.248003,1000,22830.080959
946.456518,140,22832.178925
823.363426,180,22834.889062
10878.845673,1000,22849.850193
325.877078,60,22850.74674
10783.07211,1000,22865.749206
464.47907,82,22866.971165
381.235968,67,22867.993704
1082.213577,155,22870.311013
353.977048,62,22871.238341
602.003633,99,22872.719228
10698.622669,1000,22887.710119
546.422004,90,22889.053454
590.686491,99,22890.538633
1574.266048,274,22894.653183
784.401566,132,22896.626529
383.861362,74,22897.729784
367.823949,66,22898.745307
1093.308667,176,22901.384229
519.053864,94,22902.794515
10657.673282,1000,22917.763948
532.544577,97,22919.224685
835.062311,138,22921.307466
818.757943,130,22923.251348
511.741061,84,22924.505291
10709.309264,1000,22939.490527
10738.02662,1000,22954.474112
437.925133,92,22955.865252
10770.095443,1000,22970.812271
485.894997,87,22972.114517
549.478682,107,22973.722109
1126.648127,172,22976.291385
258.591033,54,22977.100731
10630.473325,1000,22992.069718
398.976786,77,22993.221752
618.010913,121,22995.035723
724.456895,123,22996.885606
745.211537,143,22999.042148
371.812396,80,23000.230428
640.099756,112,23001.913349
1025.665634,192,23004.814498
599.530588,119,23006.593451
10486.754194,1000,23021.537931
355.062111,65,23022.51016
365.371047,64,23023.469263
10540.794288,1000,23038.419125
477.940973,85,23039.68612
4569.191198,471,23046.765303
10353.136194,1000,23061.73617
1084.206381,149,23063.958744
447.604352,94,23065.375119
407.01034,91,23066.76085
10649.895661,1000,23081.730279
10680.19122,1000,23096.972932
10945.151582,1000,23111.937314
10755.505144,1000,23126.925954
10984.033295,1000,23141.836016
10905.706402,1000,23156.790353
11047.056572,1000,23171.791326
11035.34644,1000,23186.758136
11042.440903,1000,23201.733491
7218.733119,665,23211.679777
2519.525571,265,23215.633946
10919.785101,1000,23230.602219
5967.501155,563,23239.020233
10976.646991,1000,23254.031678
11012.280142,1000,23269.012297
11021.250806,1000,23284.019581
11071.185231,1000,23298.98603
11007.876889,1000,23314.004696
10957.689176,1000,23328.97169
10957.820011,1000,23343.898706
11036.388207,1000,23358.86842
11108.378626,1000,23373.84113
11075.919041,1000,23388.775499
10962.633044,1000,23403.70331
11083.185647,1000,23418.664211
11149.409433,1000,23433.648634
11171.399676,1000,23448.565623
11048.938947,1000,23463.502336
11132.956684,1000,23478.449893
738.301243,102,23479.970007
6136.82848,588,23488.75128
11078.122612,1000,23503.759903
11116.040468,1000,23518.69666
11058.934253,1000,23533.640966
11147.077745,1000,23548.606863
11216.357041,1000,23563.594013
11112.227459,1000,23578.505398
10937.346758,1000,23593.458454
11050.179966,1000,23608.394866
11146.738787,1000,23623.378842
11146.478153,1000,23638.323233
11088.331121,1000,23653.267511
11160.6145,1000,23668.221995
11241.570848,1000,23683.198568
10637.841449,951,23697.708928
11034.526668,1000,23712.696676
11218.942541,1000,23727.623106
11149.080017,1000,23742.628015
11099.088513,1000,23757.577291
11205.93946,1000,23772.543516
11104.496969,1000,23787.510811
11064.568923,1000,23802.500586
11125.030993,1000,23817.437194
10650.094639,1000,23832.40335
11057.557204,1000,23847.370979
598.835532,88,23848.701809
11136.792391,1000,23863.700315
384.752304,60,23864.60794
11126.453639,1000,23879.532993
11146.503931,1000,23894.463951
11198.422961,1000,23909.38833
11179.449498,1000,23924.350987
11213.866113,1000,23939.324672
573.706244,87,23940.631971
419.287079,68,23941.641585
11170.92021,1000,23956.597987
1225.403835,156,23958.940475
450.188712,68,23959.95285
481.974605,73,23961.051093
11191.198706,1000,23976.000499
11062.292014,1000,23990.985478
11176.712691,1000,24005.937145
11199.773128,1000,24020.90521
11125.545796,1000,24035.819363
4145.679021,396,24041.770622
10806.160846,1000,24056.74272
447.419097,83,24057.992806
11149.403185,1000,24072.942238
405.067306,67,24073.950585
477.083414,81,24075.159649
481.802479,79,24076.350614
873.028359,148,24078.561088
11011.482587,1000,24093.51658
608.215122,95,24094.936101
457.299533,72,24096.008772
389.320483,66,24097.0013
11114.508347,1000,24111.966035
212.817608,37,24112.514775
11144.70905,1000,24127.482357
179.220529,33,24127.982991
152.578241,28,24128.399809
191.501093,34,24128.908938
11195.011503,1000,24143.872654
10956.422086,1000,24158.781009
11086.302766,1000,24173.75446
10936.087176,1000,24192.001316
723.847232,113,24193.690561
11067.580313,1000,24208.592798
197.651231,36,24209.126923
11141.213356,1000,24224.033332
11120.37152,1000,24238.939767
489.543312,77,24240.085935
638.808255,94,24241.482487
680.676878,111,24243.165083
11117.159546,1000,24258.061088
529.200927,77,24259.220143
11196.042813,1000,24274.115141
983.282372,133,24276.09434
11178.666244,1000,24291.033752
11199.271286,1000,24305.933065
379.949262,60,24306.825679
11137.590174,1000,24321.705781
11236.313062,1000,24336.625858
501.128211,90,24337.96212
11174.500098,1000,24352.846482
11165.456974,1000,24367.76799
273.774493,51,24368.529632
362.150035,75,24369.645245
170.897272,33,24370.136999
470.079527,82,24371.366291
604.322594,106,24372.981885
593.641015,106,24374.579344
515.334021,91,24375.976799
326.228001,68,24376.995979
449.941823,83,24378.245101
143.429019,29,24378.705093
215.972703,43,24379.396525
496.686695,87,24380.696476
223.885486,41,24381.308191
11232.546587,1000,24396.242571
177.448435,36,24396.775961
554.802855,95,24398.1926
438.604484,78,24399.360781
584.373511,93,24400.751512
331.387695,62,24401.688379
253.250641,48,24402.415671
989.423943,153,24404.702403
11163.824107,1000,24419.660744
725.951978,129,24421.615149
712.113248,114,24423.30988
498.444429,85,24424.575329
11285.520861,1000,24439.493262
11094.690567,1000,24454.442628
1040.68566,144,24456.609954
11118.637705,1000,24471.576079
11256.797414,1000,24486.522392
11276.727489,1000,24501.463775
11265.864218,1000,24516.382472
11232.422817,1000,24531.38215
11139.864816,1000,24546.349197
11078.006489,1000,24561.296548
11114.336899,1000,24576.243254
832.69182,118,24578.001548
11201.184654,1000,24592.996947
11174.024147,1000,24607.966195
11153.604049,1000,24622.92924
11045.277819,1000,24637.885628
11174.60561,1000,24652.892344
11278.047607,1000,24667.87693
11194.595345,1000,24682.816214
11218.336163,1000,24697.708078
11210.554592,1000,24712.654893
11278.527032,1000,24727.580109
716.300382,103,24729.106766
11285.5416,1000,24744.074137
11155.744827,1000,24759.021861
11287.403434,1000,24773.970051
11205.009066,1000,24788.928402
11162.348117,1000,24803.831891
11244.999453,1000,24818.737676
11242.251091,1000,24833.643024
11208.409591,1000,24848.583395
11242.830997,1000,24863.504356
11301.16029,1000,24878.392084
11199.451133,1000,24893.295798
11376.402851,1000,24908.247581
11255.11043,1000,24923.160166
11258.585708,1000,24938.060588
11144.031982,1000,24952.92189
11188.923787,1000,24967.866853
11235.102794,1000,24982.77006
11105.19743,1000,24997.646643
11237.486812,1000,25012.531345
299.626726,52,25013.307069
11043.332112,1000,25028.251517
11106.243586,1000,25043.096882
10925.375778,1000,25058.003726
614.648273,121,25059.800146
10655.746162,1000,25074.705389
621.857233,105,25076.266914
511.34,112,25077.975188
350.94516,76,25079.153505
10920.864924,1000,25094.061463
653.548045,125,25095.916807
391.140501,65,25096.893422
552.465181,111,25098.561065
11138.394749,1000,25113.445674
333.147355,73,25114.531948
222.421313,47,25115.241426
335.876627,73,25116.332808
346.77678,74,25117.436599
404.910052,74,25118.530146
10841.302194,1000,25133.443054
298.317027,62,25134.366129
283.327725,61,25135.289161
458.750699,81,25136.502719
191.781749,38,25137.062679
339.474804,71,25138.146018
282.528026,60,25139.053351
11071.010606,1000,25153.996136
11362.748997,1000,25168.919084
10968.365388,1000,25183.849054
11207.500983,1000,25198.778394
11375.284286,1000,25213.720079
11278.317528,1000,25228.639776
11336.560117,1000,25243.571482
11425.341991,1000,25258.48326
11331.801319,1000,25273.440871
168.299192,30,25273.890104
11333.4478,1000,25288.802835
11422.857483,1000,25303.712326
11331.634688,1000,25318.659984
11389.007101,1000,25333.638504
155.654459,29,25334.071992
11464.702998,1000,25349.080328
11241.440607,1000,25364.004761
150.775604,28,25364.425107
157.15506,29,25364.853389
11426.129903,1000,25379.80393
11377.599501,1000,25394.758416
11359.090203,1000,25409.724439
11259.803511,1000,25424.662099
10973.220462,975,25439.239023
11200.008057,1000,25454.221232
11315.799201,1000,25469.176602
11343.678594,1000,25484.089365
11219.3626,1000,25499.038981
11146.686204,1000,25514.010264
11258.117659,1000,25528.939395
626.353092,101,25530.449316
11398.410131,1000,25545.412818
175.862959,33,25545.902033
5369.449705,507,25553.47793
219.930744,41,25554.089253
11314.831266,1000,25569.090927
388.339166,73,25570.197564
984.899379,163,25572.650774
7331.305796,686,25582.910264
480.333808,84,25584.158699
771.719185,139,25586.246225
275.860032,50,25586.989596
4522.456278,426,25593.33825
521.030923,78,25594.504595
11360.829162,1000,25609.436554
11206.979278,1000,25624.408679
493.399101,74,25625.53859
11235.408575,1000,25640.562927
11367.766534,1000,25655.508953
303.543787,63,25656.451524
11206.931002,1000,25671.413937
11397.819803,1000,25686.338466
11367.908661,1000,25701.319643
433.925606,68,25702.326944
11447.192381,1000,25717.254603
11402.719837,1000,25732.177473
11335.949078,1000,25747.131749
11287.339255,1000,25762.089438
11385.067476,1000,25777.045138
921.036508,188,25779.850295
11288.283612,1000,25794.774731
11244.57489,1000,25809.728708
11201.316201,1000,25824.678361
11377.860035,1000,25839.622787
11395.657807,1000,25854.580804
249.746272,43,25855.243757
464.844167,74,25856.36207
11402.287988,1000,25871.306458
11511.580103,1000,25886.294333
11346.460194,1000,25901.248224
11468.247901,1000,25916.203496
334.946879,70,25917.247119
132.002403,26,25917.63945
11347.803073,1000,25932.588985
11426.439138,1000,25947.596537
11355.632059,1000,25962.562778
764.088043,105,25964.155083
11347.709747,1000,25979.130193
11321.546368,1000,25994.143786
11366.515434,1000,26009.136904
11486.57984,1000,26024.087579
11437.760059,1000,26039.049313
11479.802571,1000,26054.008748
11318.160049,1000,26069.008025
177.832094,32,26069.489998
233.177506,43,26070.142056
165.166762,32,26070.626364
125.747627,24,26070.983761
119.610707,23,26071.327237
178.614744,34,26071.824502
139.818579,26,26072.212851
271.293686,50,26072.961565
189.86934,35,26073.488433
411.337226,78,26074.651862
836.983377,151,26076.915966
559.205103,104,26078.475973
849.974433,169,26081.020877
327.559411,67,26082.023291
519.046489,88,26083.342361
11193.148721,1000,26098.306735
598.603263,97,26099.77252
311.489286,54,26100.583293
11332.395382,1000,26115.542752
11235.591751,1000,26130.54677
11231.354092,1000,26145.461441
389.495875,67,26146.468654
621.072186,108,26148.099894
196.10087,37,26148.654627
841.471561,133,26150.649479
173.943606,32,26151.13304
11222.507899,1000,26166.105606
369.765959,64,26167.05881
11403.897346,1000,26182.069821
701.222207,95,26183.493065
11463.633481,1000,26198.444851
11486.275394,1000,26213.374537
11309.061199,1000,26228.330523
11480.059682,1000,26243.28956
11471.974105,1000,26258.237992
11481.735987,1000,26273.161228
11354.353845,1000,26288.070739
11532.510016,1000,26303.057351
11442.852284,1000,26318.015671
11501.068731,1000,26332.946697
11464.96624,1000,26347.861125
11541.249327,1000,26362.815447
11360.219357,1000,26377.744939
4678.106936,435,26384.249566
11419.539518,1000,26399.192284
11451.774397,1000,26414.105183
11551.716816,1000,26429.064966
11524.754369,1000,26443.979719
11450.767148,1000,26458.873048
11472.251743,1000,26473.810715
373.65206,70,26474.856072
11348.112867,1000,26489.789959
11443.363252,1000,26504.719404
11301.20758,1000,26519.640487
11550.170222,1000,26534.578125
11525.575076,1000,26549.502524
11563.588216,1000,26564.429852
11325.419302,1000,26579.345563
11482.765672,1000,26594.245667
11316.509891,1000,26609.219981
11384.609581,1000,26624.122657
11465.212414,1000,26639.049403
11524.164102,1000,26654.000625
11578.235415,1000,26668.963977
10858.888485,1000,26683.977204
581.479736,130,26685.930638
296.586304,72,26687.002503
459.63972,90,26688.348264
518.139841,102,26689.880004
365.013532,76,26691.024148
241.173009,54,26691.829854
300.751104,65,26692.82309
272.392699,62,26693.768125
307.125152,69,26694.805997
377.943004,84,26696.059615
345.436926,77,26697.203556
743.613336,152,26699.474242
332.261599,69,26700.518528
444.299656,103,26702.071117
308.605504,71,26703.129976
588.889945,112,26704.797693
478.571736,101,26706.312482
230.910854,51,26707.099184
473.447141,100,26708.600747
360.559781,78,26709.77404
364.486887,70,26710.823958
448.678809,99,26712.300991
386.207243,91,26713.66886
771.015843,135,26715.692318
11426.60582,1000,26730.666966
11337.526887,1000,26745.617487
11525.172002,1000,26760.561865
301.375753,58,26761.453447
11419.974622,1000,26776.422983
212.568329,46,26777.113791
607.635269,94,26778.516754
638.285405,116,26780.243507
406.175972,67,26781.261026
337.782166,64,26782.221981
11227.218398,1000,26797.253044
11366.544527,1000,26812.241345
11418.590498,1000,26827.251093
303.252109,54,26828.080601
11400.358415,1000,26843.085658
11496.188592,1000,26858.078186
11494.568798,1000,26873.047047
270.177534,44,26873.707102
11519.339509,1000,26888.67473
11549.073261,1000,26903.666447
11565.11414,1000,26918.694084
1096.442222,141,26920.786843
11545.341166,1000,26935.757991
299.945377,52,26936.558425
11529.048724,1000,26951.536824
400.965781,68,26952.550299
11383.45366,1000,26967.551751
439.440073,73,26968.64705
823.963357,132,26970.669504
811.406419,147,26972.879456
11508.519038,1000,26987.845485
4681.365538,434,26994.380219
11153.849308,1000,27009.338761
11448.938951,1000,27024.322947
11543.261701,1000,27039.332546
11491.811184,1000,27054.315957
11351.460123,1000,27069.282103
11619.739216,1000,27084.253057
11548.076786,1000,27099.23912
11537.105514,1000,27114.181778
1359.160009,159,27116.545004
11453.195264,1000,27131.460026
11463.617127,1000,27146.387647
11453.462671,1000,27161.374087
11398.988887,1000,27181.026629
11337.396794,1000,27195.909017
11482.628708,1000,27210.827671
443.16661,72,27211.895991
360.920452,71,27212.959314
703.278977,112,27214.664822
11320.989291,1000,27229.601112
545.155649,86,27230.891755
921.761865,145,27233.058386
626.884549,129,27234.988312
231.970464,46,27235.680611
280.084876,55,27236.534187
186.697326,39,27237.119876
406.262892,82,27238.339887
11469.467765,1000,27253.277519
823.456758,133,27255.269212
172.03032,35,27255.798484
752.703133,141,27257.905566
10944.56584,1000,27272.822288
11551.616557,1000,27287.780728
11463.932298,1000,27302.921514
11490.72426,1000,27317.845477
11575.181447,1000,27332.772479
5496.606103,500,27340.255528
11527.852379,1000,27355.156531
11489.172043,1000,27370.089332
11593.611404,1000,27384.974932
11507.4021,1000,27399.951176
11107.511724,1000,27415.020022
11333.865212,1000,27430.013361
11576.646733,1000,27444.967942
11374.276523,1000,27459.981725
11607.663777,1000,27474.936681
346.826122,73,27476.049704
418.946428,83,27477.306984
779.229503,136,27479.344224
390.773056,74,27480.45289
475.429378,98,27481.918875
342.992637,70,27482.96281
11121.527578,1000,27497.938765
11511.342724,1000,27512.912379
469.901915,71,27513.971474
229.649116,39,27514.555825
11548.826719,1000,27529.587568
11693.539568,1000,27544.559096
11605.602051,1000,27559.504466
11611.700214,1000,27574.488842
11300.186722,1000,27589.468204
11600.99141,1000,27604.42586
11703.861908,1000,27619.390902
11638.542863,1000,27634.334686
11648.986156,1000,27649.30635
476.868564,70,27650.349954
11457.273396,1000,27665.301913
11667.294315,1000,27680.240232
11666.866686,1000,27695.171153
11493.324085,1000,27710.134308
11531.894507,1000,27725.097425
11684.356642,1000,27740.00912
11626.157028,1000,27754.92625
322.089536,60,27755.828742
11538.831961,1000,27770.758773
214.569598,40,27771.357788
171.236672,34,27771.861778
262.776984,59,27772.744734
204.278743,39,27773.323789
11257.146947,1000,27788.263066
465.950804,100,27789.768058
404.126455,76,27790.91193
412.535053,76,27792.056225
203.508894,40,27792.650554
462.453221,91,27794.011141
11261.61062,1000,27808.889534
11153.882524,1000,27823.781662
292.127658,62,27824.739973
219.816422,47,27825.443511
966.353201,167,27827.938021
320.576587,71,27828.996303
416.84109,93,27830.383041
248.073956,52,27831.18463
612.083018,112,27832.849424
660.955783,137,27834.915752
364.376042,73,27836.01302
586.016659,115,27837.727919
338.054361,74,27838.83265
521.978813,107,27840.435158
532.786544,113,27842.117412
1188.922272,214,27845.319383
363.158697,77,27846.465555
1334.450488,210,27849.635869
635.880497,139,27851.720356
631.734784,128,27853.632935
806.43707,151,27855.898471
402.328871,78,27857.060222
514.463147,105,27858.629932
343.533055,81,27859.83175
442.285713,98,27861.297458
645.018983,112,27862.964897
496.514546,104,27864.511466
454.779739,91,27865.891396
591.167184,115,27867.619762
599.948348,123,27869.479611
496.866276,78,27870.647916
11800.276991,1000,27885.58067
11727.68346,1000,27900.463364
11611.366647,1000,27915.336072
11561.810196,1000,27930.223683
11658.785973,1000,27945.073018
11620.584409,1000,27959.980742
11575.023603,1000,27974.883402
11640.078528,1000,27989.757791
3929.692344,371,27995.274338
11714.431783,1000,28010.217003
11824.289247,1000,28025.156358
11690.093582,1000,28040.040643
11635.852631,1000,28054.940108
11605.481232,1000,28069.866988
11726.786158,1000,28084.7554
11688.184112,1000,28099.626451
11662.604658,1000,28114.529833
11646.242219,1000,28129.46058
11758.3637,1000,28144.356256
11699.453273,1000,28159.246621
11643.046013,1000,28174.150683
11660.332531,1000,28189.030744
11564.489592,1000,28203.950321
11631.568917,1000,28218.843123
11690.421305,1000,28233.670814
3904.211369,383,28239.258151
11633.396258,1000,28254.226772
11631.880485,1000,28269.105935
11630.986811,1000,28284.022858
718.51426,110,28285.669224
620.341902,103,28287.201841
11654.337932,1000,28302.144694
645.688934,114,28303.857774
325.636319,54,28304.659355
11665.997829,1000,28319.634418
329.433943,53,28320.422774
657.181308,97,28321.88451
11549.095413,1000,28336.783021
11569.145251,1000,28351.692753
11688.486929,1000,28366.624014
332.308991,54,28367.42511
11694.783834,1000,28382.451525
122.3425,24,28382.807713
11702.661301,1000,28397.791189
790.853141,132,28399.772699
285.140241,51,28400.533233
657.710328,100,28402.05385
248.915972,41,28402.665355
160.431004,29,28403.103471
148.02555,27,28403.505186
152.157212,28,28403.923604
321.925005,59,28404.800172
260.236789,47,28405.509412
289.016241,53,28406.30173
11432.700256,1000,28421.286082
11588.167773,1000,28436.339643
11561.56369,1000,28451.318372
11249.235578,1000,28466.29422
528.272799,114,28468.000177
357.431646,78,28469.165096
209.563666,44,28469.815861
590.458448,144,28471.981609
329.287743,73,28473.080238
504.259793,88,28474.400499
398.614368,86,28475.694574
623.294883,113,28477.393064
368.069595,71,28478.481446
453.816655,85,28479.760011
427.374874,81,28480.980894
833.543903,150,28483.220983
476.756201,97,28484.688418
467.935724,94,28486.093319
426.441879,82,28487.318303
346.323663,70,28488.369984
742.156618,139,28490.45646
394.598921,80,28491.688091
514.736837,101,28493.216619
10725.916343,1000,28508.224047
11045.030401,1000,28523.195056
507.803658,96,28524.637745
345.461019,65,28525.618995
328.726899,57,28526.47927
323.248953,63,28527.416719
317.904471,56,28528.253352
351.126427,63,28529.199514
326.2711,60,28530.09646
378.639548,75,28531.240712
500.499853,87,28532.545693
288.6934,58,28533.419618
285.620119,58,28534.286189
258.176106,47,28534.984648
350.948745,60,28535.902083
368.651183,62,28536.847797
319.307002,57,28537.731186
332.02676,57,28538.589738
309.40094,57,28539.444085
355.021228,66,28540.443987
495.555754,96,28541.884396
350.324707,66,28542.870973
358.814536,64,28543.829288
11090.266568,959,28558.223607
493.588515,99,28559.70777
967.341886,181,28562.430068
430.855084,87,28563.731028
885.340775,162,28566.148303
193.532034,41,28566.773226
449.657508,102,28568.318151
411.70175,87,28569.618144
499.217277,115,28571.342991
846.392098,134,28573.35502
577.825462,128,28575.278645
10985.610277,1000,28590.227919
1128.079669,156,28592.565439
821.038352,124,28594.415342
292.329673,63,28595.356023
425.97593,89,28596.697011
516.733782,95,28598.135275
453.555775,96,28599.571093
11272.068978,1000,28614.536597
11721.878695,1000,28629.515688
11690.518877,1000,28644.463322
11784.397862,1000,28659.395992
11552.754924,1000,28674.355357
11701.899884,1000,28689.293052
11700.558451,1000,28704.188662
11811.1388,1000,28719.048837
11861.789169,1000,28733.924491
11789.819985,1000,28748.828244
11770.475641,1000,28763.759932
11717.593698,1000,28778.618471
11696.892877,1000,28793.533558
11660.214033,1000,28808.474662
11624.67517,1000,28823.37393
11705.997174,1000,28838.298322
11681.879587,1000,28853.215337
11758.770318,1000,28868.133706
11876.475909,1000,28883.019641
11822.580006,1000,28897.892422
11734.497302,1000,28912.770155
11803.604389,1000,28927.681165
11882.857535,1000,28942.560577
11683.100821,1000,28957.427611
11825.972176,1000,28972.345946
11721.601212,1000,28987.270313
11836.165286,1000,29002.181412
11828.639499,1000,29017.04903
11864.851118,1000,29031.924313
11842.412616,1000,29046.857086
11850.489403,1000,29061.740487
11693.139713,1000,29076.634081
11667.575855,1000,29091.564198
11716.939394,1000,29106.461975
11735.633049,1000,29121.377273
11740.588195,1000,29136.293249
11723.121676,1000,29151.225797
11520.253821,1000,29166.136019
11790.852357,1000,29181.107114
11694.33833,1000,29196.054867
11742.815064,1000,29211.072799
573.108781,81,29212.289094
11895.576799,1000,29227.219701
11847.96308,1000,29242.163203
11917.46794,1000,29257.092395
583.670893,80,29258.273828
11904.289306,1000,29273.201593
11820.104124,1000,29288.119279
792.429283,101,29289.680098
11738.518425,1000,29304.600104
11732.964691,1000,29319.52629
804.580604,104,29321.072765
11784.564848,1000,29336.018832
11827.05183,1000,29350.988136
11604.190377,1000,29365.945928
11872.47396,1000,29380.908714
11780.882248,1000,29395.898442
153.597639,30,29396.345525
11782.575751,1000,29411.342922
584.083122,81,29412.554923
336.404029,55,29413.373792
152.578328,29,29413.80715
420.732861,65,29414.783828
760.093198,111,29416.446295
11782.978752,1000,29431.407976
11799.993427,1000,29446.346765
275.706103,50,29447.096657
362.19763,66,29448.103004
11399.276557,1000,29463.090095
11569.424531,1000,29478.099794
477.674496,77,29479.246029
11628.248708,1000,29494.228642
10963.17371,1000,29509.188792
612.452345,132,29511.163994
734.733575,135,29513.193807
271.71862,58,29514.065435
370.162753,73,29515.162228
252.006028,52,29515.939761
274.836605,60,29516.852724
414.012023,74,29517.970362
352.957786,71,29519.038373
764.988365,133,29521.039229
878.466493,158,29523.42082
687.143351,127,29525.337336
199.01858,41,29525.944068
265.739991,57,29526.795687
232.120355,52,29527.576486
275.45041,57,29528.428914
337.5801,78,29529.6039
462.116935,98,29531.089047
245.852835,50,29531.856459
905.454063,154,29534.192742
419.012594,89,29535.535665
371.503227,84,29536.79937
357.161631,79,29537.992691
11460.887094,1000,29552.952153
408.658343,77,29554.106204
514.273125,96,29555.541975
417.937931,64,29556.508703
415.643599,74,29557.623311
841.271687,127,29559.51762
11754.905305,1000,29574.525001
11724.762905,1000,29589.494672
11171.107783,1000,29604.498674
1674.623627,219,29607.773876
391.673081,72,29608.855358
430.164239,84,29610.111686
11863.878896,1000,29625.123239
304.520475,70,29626.201438
418.486815,87,29627.516362
710.997007,150,29629.757291
306.852792,72,29630.843273
452.830666,94,29632.250503
233.816332,51,29633.01384
289.311701,70,29634.060492
295.063714,68,29635.085453
411.755785,81,29636.292676
293.130298,66,29637.298756
413.678406,81,29638.532476
301.869955,63,29639.471783
490.891374,94,29640.872467
244.095404,49,29641.604154
617.65519,113,29643.315689
294.058515,55,29644.141645
351.848146,66,29645.126069
609.899825,110,29646.76722
222.889567,43,29647.411262
354.788982,68,29648.423841
310.294464,57,29649.290412
1011.504427,147,29651.481363
272.160723,52,29652.255222
327.848102,62,29653.180361
262.856996,47,29653.884777
507.097931,80,29655.105291
374.506265,74,29656.213531
822.378469,139,29658.287458
330.899759,58,29659.154216
513.773808,86,29660.434991
629.608448,94,29661.853876
394.516614,68,29662.862873
442.061343,82,29664.086516
458.27561,70,29665.141855
11381.984448,1000,29680.033208
11891.913046,1000,29694.951862
1437.320765,165,29697.414419
11808.304023,1000,29712.294488
11663.19585,1000,29727.231514
11817.146177,1000,29742.160852
11881.534298,1000,29757.093615
11846.593208,1000,29772.018574
11883.218182,1000,29786.979571
11892.130289,1000,29801.89733
11877.409615,1000,29816.812609
11909.318434,1000,29831.730217
11787.70017,1000,29846.691314
11803.859545,1000,29861.604916
11817.204855,1000,29876.51752
11888.034088,1000,29891.45013
11813.555701,1000,29906.435112
11849.097013,1000,29921.430918
11882.806377,1000,29936.347501
11922.257257,1000,29951.286619
11914.798498,1000,29966.21033
11930.214717,1000,29981.166003
11952.406646,1000,29996.144747
11921.579475,1000,30011.118371
11803.597723,1000,30026.11439
11973.21253,1000,30041.084964
11918.317275,1000,30056.083119
11921.687618,1000,30071.053333
457.010704,74,30072.167006
11661.362887,1000,30087.185985
375.517472,64,30088.138465
278.082822,49,30088.875053
394.266598,65,30089.851728
288.320928,48,30090.579923
11626.12625,1000,30105.536079
11689.351933,1000,30120.500418
333.340181,57,30121.378639
432.128281,71,30122.444931
414.462887,71,30123.513882
11510.618466,1000,30138.471284
781.618232,141,30140.595512
357.946141,70,30141.650391
456.313255,89,30143.016228
238.998846,46,30143.701053
598.627035,96,30145.14834
415.5471,72,30146.232557
463.927508,80,30147.439901
312.755659,65,30148.412515
396.552401,71,30149.475442
406.806979,69,30150.499127
347.892433,68,30151.539684
361.225752,66,30152.531317
380.303789,72,30153.610646
433.864533,72,30154.684984
652.932124,94,30156.095821
356.794775,65,30157.068229
378.564067,66,30158.072198
607.83399,106,30159.654747
451.830984,88,30160.972643
465.210174,88,30162.287367
11509.557959,1000,30180.800523
11746.23106,1000,30195.781926
11938.503601,1000,30210.797346
897.959844,117,30212.545625
11831.624857,1000,30227.484998
11820.908222,1000,30242.469429
11914.955123,1000,30257.446255
11981.185226,1000,30272.435611
11944.185231,1000,30287.410806
11919.377661,1000,30302.319364
11927.253426,1000,30317.232655
11948.908801,1000,30332.171575
11904.805948,1000,30347.085156
11945.475669,1000,30361.990113
474.226871,75,30363.107605
11861.239942,1000,30378.022776
11979.400481,1000,30392.985536
12009.930574,1000,30407.895585
12005.905987,1000,30422.820751
11896.833473,1000,30437.705875
11703.748037,1000,30452.608929
12016.730103,1000,30467.507348
11936.030943,1000,30482.422637
11591.917891,1000,30497.291011
12009.795665,1000,30512.207039
12047.679509,1000,30527.099711
466.073732,78,30528.291371
278.288425,51,30529.048296
260.84574,48,30529.761015
12006.112664,1000,30544.622334
11714.505458,1000,30559.555666
447.246673,78,30560.711613
742.127169,127,30562.622197
419.469695,75,30563.741454
452.951066,86,30565.019799
471.631323,85,30566.2957
11975.949131,1000,30581.237417
11696.155531,1000,30596.130753
12040.512229,1000,30611.014493
12014.885613,1000,30625.967171
720.17018,138,30628.027208
756.883307,120,30629.831029
372.577904,77,30631.013393
434.284213,78,30632.184712
468.038083,80,30633.379329
636.404529,108,30634.995967
11798.431254,1000,30649.962978
352.993053,67,30650.961166
11951.887243,1000,30665.890493
11937.067468,1000,30680.843144
12052.091213,1000,30695.844099
12065.944867,1000,30710.805444
12042.562087,1000,30725.746667
11978.852637,1000,30740.694998
11993.45534,1000,30755.700483
12071.927672,1000,30770.720971
12001.134838,1000,30785.685422
11987.962235,1000,30800.62642
12035.869098,1000,30815.609474
12091.545165,1000,30830.577463
12036.85766,1000,30845.527842
12046.094618,1000,30860.497153
12032.475526,1000,30875.503162
12014.18831,1000,30890.486042
12013.485966,1000,30905.610976
12060.227856,1000,30920.517937
11979.187036,1000,30935.46896
11907.630881,1000,30950.386691
11908.507726,1000,30965.241114
11571.246727,1000,30980.112176
12061.056199,1000,30994.964201
12023.16318,1000,31009.869164
12095.399753,1000,31024.726894
12106.66093,1000,31039.577918
743.691656,100,31041.064488
12134.79903,1000,31055.917215
12060.116314,1000,31070.815351
12026.886853,1000,31085.665638
12079.99206,1000,31100.553024
12161.115234,1000,31115.404901
12068.605708,1000,31130.317981
12096.637259,1000,31145.18381
717.814275,93,31146.559352
139.050973,27,31146.955341
140.324075,27,31147.358337
124.895686,24,31147.716629
173.506866,32,31148.197225
653.574123,96,31149.629864
11968.216852,1000,31164.507533
12068.811573,1000,31179.387562
433.47764,79,31180.595233
12090.737319,1000,31195.467592
684.413357,108,31197.059541
12115.539326,1000,31211.960183
12114.908698,1000,31226.830233
12135.19759,1000,31241.697606
719.024648,115,31243.425922
287.940597,49,31244.180541
11841.350703,1000,31259.035275
375.074841,65,31260.013539
565.908824,86,31261.297437
274.705133,50,31262.042424
11777.873547,1000,31276.931266
418.57091,67,31277.923522
580.453252,88,31279.225058
523.598234,87,31280.519326
11861.862109,1000,31295.443672
977.008408,149,31297.672311
11895.164906,1000,31312.646282
12188.018355,1000,31327.538967
12129.594737,1000,31342.459295
12137.196285,1000,31357.392459
12076.262635,1000,31372.374309
12116.821539,1000,31387.273068
12101.282438,1000,31402.17911
12221.067804,1000,31417.068561
12140.369809,1000,31432.031138
12097.264549,1000,31446.895546
12110.649879,1000,31461.77994
12189.785713,1000,31476.675573
12169.244556,1000,31491.688579
12198.591403,1000,31506.593068
12000.406988,1000,31521.507709
11952.660999,1000,31536.403439
1103.592047,156,31538.728726
12179.783919,1000,31553.707679
12086.350856,1000,31568.629352
583.413558,85,31569.883829
262.225231,42,31570.510256
12184.50481,1000,31585.423143
12186.673992,1000,31600.272413
760.869634,116,31602.015257
11954.7126,1000,31616.933249
329.499925,67,31617.921906
12183.937385,1000,31632.769306
574.592691,103,31634.312519
613.537644,111,31635.988161
2032.945511,271,31640.009113
730.289003,141,31642.098899
700.970177,117,31643.846812
332.198077,70,31644.885422
2079.289939,277,31649.001968
401.869376,77,31650.146232
645.821174,134,31652.140206
11663.994581,1000,31667.001272
344.450486,67,31668.028811
551.971754,124,31669.895367
320.640672,65,31670.861832
351.585554,69,31671.895982
11293.910283,1000,31686.716959
248.412164,50,31687.461933
236.639803,49,31688.202006
932.546378,148,31690.393478
11900.467535,1000,31705.292615
12010.82658,1000,31720.221271
12142.379331,1000,31735.182274
12179.323763,1000,31750.086819
12125.939993,1000,31764.982008
12236.258893,1000,31779.90479
12143.30509,1000,31794.846035
552.783296,97,31796.292274
11980.411579,1000,31811.238307
305.756382,59,31812.112543
11911.771292,1000,31827.071867
341.547871,68,31828.092992
11788.69968,1000,31843.05539
12182.457718,1000,31858.00975
12164.051273,1000,31872.917635
12128.486392,1000,31887.834035
12187.894503,1000,31902.815115
12075.114573,1000,31917.793833
12010.987896,1000,31932.738189
11775.673189,1000,31947.692565
12168.330956,1000,31962.664723
12059.627917,1000,31977.632343
12136.994291,1000,31992.556881
12172.121107,1000,32007.501646
12172.698597,1000,32022.434477
11675.882597,1000,32037.419567
305.961325,55,32038.240358
297.724898,53,32039.038357
696.663243,120,32040.833992
12151.151169,1000,32055.796261
361.48485,63,32056.751115
330.490309,61,32057.661164
466.771359,98,32059.14113
446.444144,76,32060.291704
432.806106,74,32061.402413
11708.728851,1000,32076.340153
12049.311778,1000,32091.268796
12051.888766,1000,32106.223151
11846.8529,1000,32121.132495
372.748544,63,32122.06844
11767.156702,1000,32137.00787
11816.551493,1000,32151.999439
11892.932331,1000,32167.027213
628.510247,110,32168.681227
1286.224194,171,32171.231349
333.566987,60,32172.142306
11850.282917,1000,32187.073347
12091.803219,1000,32202.010054
12068.334326,1000,32216.987679
12100.333514,1000,32231.936517
519.727866,89,32233.263149
440.878828,70,32234.316388
11890.778577,1000,32249.221044
12103.672944,1000,32264.122545
501.67154,110,32265.767328
305.851761,70,32266.80234
269.462001,53,32267.588951
275.284523,51,32268.343061
503.06702,83,32269.572394
964.177797,147,32271.76547
689.474531,111,32273.418647
327.993752,59,32274.30685
11940.94881,1000,32289.22304
868.498512,139,32291.320199
768.863641,118,32293.07378
442.296857,77,32294.217809
12049.907046,1000,32309.113815
903.278073,135,32311.124714
680.401628,99,32312.5904
273.991604,50,32313.336968
400.917872,75,32314.460265
11996.651103,1000,32329.389702
180.490113,32,32329.867094
12202.55557,1000,32344.799905
12175.535472,1000,32359.684011
12133.259532,1000,32374.579486
12244.130201,1000,32389.495439
12207.126763,1000,32404.414827
472.728515,89,32405.754503
586.963907,126,32407.637936
878.290277,145,32409.804567
502.675961,96,32411.236187
379.952896,68,32412.253561
384.250917,80,32413.460055
551.443209,111,32415.1093
11607.583498,1000,32429.988669
11981.553004,1000,32444.857419
11621.719158,1000,32459.734425
12250.218862,1000,32474.658844
12172.517345,1000,32489.57654
12231.637143,1000,32504.513927
12181.673765,1000,32519.4315
12227.354491,1000,32534.342232
12239.522746,1000,32549.311934
12074.191303,1000,32564.23466
359.387046,73,32565.327917
12144.670776,1000,32580.22971
12236.709564,1000,32595.188694
12230.051512,1000,32610.127614
12227.49974,1000,32625.083788
12303.343754,1000,32640.021112
12099.769068,1000,32654.977493
12270.305535,1000,32669.901424
12263.150139,1000,32684.865181
12164.000272,1000,32699.756278
12256.682071,1000,32714.713247
542.13123,95,32716.138712
11882.006035,1000,32731.078364
280.369991,51,32731.8425
542.451243,83,32733.079095
11888.347368,1000,32748.060903
11907.420098,1000,32762.989483
12059.250124,1000,32777.981849
580.454899,93,32779.388911
347.260623,60,32780.275406
12081.550934,1000,32795.198864
774.297747,105,32796.792859
11916.517955,1000,32811.677501
12329.673563,1000,32826.560099
12243.344506,1000,32841.525192
12318.032806,1000,32856.446542
12253.406034,1000,32871.330096
12136.061771,1000,32886.17955
393.362284,68,32887.192636
947.949205,174,32889.821711
11994.798234,1000,32904.667525
528.277576,91,32906.013448
427.583129,78,32907.175456
324.148622,66,32908.161656
374.018798,65,32909.127301
12178.191812,1000,32923.987638
345.000247,61,32924.894393
220.603408,41,32925.504285
11732.566801,1000,32940.415296
355.815112,67,32941.413573
11843.912669,1000,32956.315571
11785.394244,1000,32971.16969
496.907294,71,32972.223223
12177.241888,1000,32987.104951
12248.069689,1000,33001.942749
12288.176897,1000,33016.840559
12242.718494,1000,33031.688123
219.882275,43,33032.324037
12037.115575,1000,33047.253017
586.909545,100,33048.743288
266.69487,49,33049.469026
286.99659,49,33050.209005
12057.75532,1000,33065.051601
12282.408081,1000,33079.959327
12262.880596,1000,33094.850365
12220.009606,1000,33109.7227
567.670348,78,33110.878851
11998.02206,1000,33125.735077
12238.157366,1000,33140.697752
12355.068945,1000,33163.426429
187.844085,35,33163.924164
273.866384,50,33164.644088
12065.117604,1000,33179.447091
12128.707868,1000,33194.330804
12264.744629,1000,33209.215609
11869.560234,1000,33224.176975
986.694259,144,33226.314736
633.04427,111,33227.97048
11779.31661,1000,33242.92417
350.526096,62,33243.847636
288.243462,52,33244.628005
342.268106,61,33245.534005
557.624061,91,33246.894883
250.849656,48,33247.61564
402.218152,68,33248.636475
506.040954,85,33249.902139
11390.667252,1000,33264.836464
11742.115,1000,33279.765834
11687.780752,1000,33294.708562
389.13345,75,33295.832597
582.345281,119,33297.616774
352.711685,70,33298.659333
11749.999781,1000,33313.579484
303.864305,64,33314.536059
231.330416,50,33315.312688
339.048033,77,33316.480934
213.672066,45,33317.155881
303.237812,64,33318.11925
246.687616,54,33318.930225
274.007286,59,33319.812079
377.669125,71,33320.886544
329.103032,81,33322.093031
338.002465,65,33323.064341
664.582632,120,33324.864757
341.697926,75,33325.991857
302.32507,63,33326.932115
370.139971,74,33328.035845
245.809728,54,33328.835473
403.354187,83,33330.093905
615.060147,110,33331.73201
259.284826,57,33332.585628
11855.850317,1000,33347.529515
12095.600852,1000,33362.464884
12254.708089,1000,33377.4127
12235.867769,1000,33392.366828
12309.053335,1000,33407.304025
12193.942333,1000,33422.248492
12452.478302,1000,33437.232529
452.920602,81,33438.476683
383.957903,65,33439.447989
11756.104018,1000,33454.372454
152.502757,33,33454.860163
281.292746,53,33455.656708
481.814094,89,33456.980926
253.203543,55,33457.803237
336.535213,69,33458.843111
240.642827,47,33459.5415
384.18758,78,33460.731484
239.481563,47,33461.45244
511.911723,100,33462.948014
290.147217,60,33463.84298
315.520795,71,33464.903685
380.652819,75,33466.024508
273.106581,58,33466.89764
239.705606,51,33467.659534
359.239479,62,33468.586872
300.1631,56,33469.422833
1715.221956,265,33473.38388
264.8744,56,33474.23022
210.786735,42,33474.854274
624.345798,133,33476.850409
12110.030627,1000,33491.781757
12157.025669,1000,33506.740885
12081.096162,1000,33521.65395
444.280121,85,33522.922299
11210.183067,1000,33537.822493
12127.132068,1000,33552.676234
12356.330767,1000,33567.687915
12353.070288,1000,33582.639101
12320.299528,1000,33597.520706
382.027337,72,33598.591969
11794.40509,1000,33613.439968
844.658323,147,33615.631543
222.599854,43,33616.271477
461.983718,89,33617.598412
553.701549,103,33619.133919
394.36965,73,33620.22636
302.231327,59,33621.12967
312.854359,62,33622.057322
200.95979,38,33622.623324
336.166867,61,33623.519557
256.04986,48,33624.236062
275.713068,55,33625.061154
234.701396,44,33625.714513
329.420088,60,33626.601966
575.892066,106,33628.179353
241.472171,45,33628.849322
342.463663,64,33629.802604
358.849186,65,33630.789217
273.637415,49,33631.524187
339.692089,61,33632.43081
226.59326,41,33633.040816
349.730955,63,33633.973387
11876.629996,1000,33648.851454
12359.333238,1000,33663.68855
12349.296073,1000,33678.525183
12350.00359,1000,33693.433186
12376.892429,1000,33708.322958
12300.629182,1000,33723.191952
12417.05845,1000,33738.066271
12352.098511,1000,33752.979011
12246.667913,1000,33767.872699
12375.552117,1000,33782.724399
12286.605593,1000,33797.575777
12332.82153,1000,33812.468307
12310.020689,1000,33827.34321
12442.106766,1000,33842.266888
243.31788,39,33842.845213
12281.641135,1000,33857.80873
12374.161745,1000,33872.807237
12359.827158,1000,33887.793297
12415.627878,1000,33902.75763
12204.617567,1000,33917.716307
12334.723142,1000,33932.702381
12361.500521,1000,33947.682367
12471.288346,1000,33962.641761
12440.790719,1000,33977.612839
12330.71874,1000,33992.615726
12455.19861,1000,34007.589849
12420.552358,1000,34022.57855
12293.619536,1000,34037.539003
12334.170734,1000,34052.499668
12305.615385,1000,34067.453928
12333.546705,1000,34082.349139
12423.090189,1000,34097.267683
12447.681997,1000,34112.258677
257.459854,51,34113.026094
328.484079,59,34113.903702
408.125146,80,34115.108663
297.439211,59,34115.990244
242.067772,48,34116.715244
278.302252,54,34117.549577
201.478292,40,34118.140141
268.639027,53,34118.941116
250.972461,52,34119.716167
328.68045,61,34120.620039
430.596534,82,34121.860029
1058.151827,156,34124.186625
226.206299,45,34124.866621
265.574368,55,34125.694132
266.204081,52,34126.47476
263.89831,54,34127.290771
237.797314,50,34128.035854
249.345681,50,34128.787796
257.487972,50,34129.533067
161.819302,33,34130.027288
243.146328,49,34130.757243
260.822113,52,34131.541974
248.4034,51,34132.326482
261.13024,52,34133.097912
232.98817,49,34133.833777
376.173654,73,34134.922414
291.692447,56,34135.758544
351.813088,71,34136.816001
448.631192,82,34138.047615
288.814014,53,34138.851006
322.694892,64,34139.803314
572.81906,105,34141.365819
270.332746,57,34142.224097
392.269675,74,34143.332406
325.882212,63,34144.285771
377.422154,75,34145.406251
343.056547,77,34146.552237
234.606801,47,34147.256599
297.789806,59,34148.140604
392.226067,87,34149.436097
330.634912,56,34150.265506
486.433224,95,34151.696285
258.497357,47,34152.406992
11997.754842,1000,34167.322398
412.813931,73,34168.412018
763.747953,114,34170.138864
583.850013,101,34171.651858
582.99133,97,34173.099898
1556.662162,257,34176.926074
427.663131,75,34178.077544
476.439854,81,34179.289185
446.055303,74,34180.382462
768.02578,112,34182.072091
11916.283964,1000,34196.995103
12324.615911,1000,34211.902874
409.847091,59,34212.790213
12387.907813,1000,34227.672372
12352.506094,1000,34242.607383
12433.095827,1000,34257.51332
12282.979908,1000,34272.38448
586.919946,103,34273.922488
267.893634,47,34274.621822
634.065911,97,34276.080977
139.619504,27,34276.481393
845.962764,161,34278.892575
435.685479,84,34280.139913
12070.631073,1000,34295.063264
12427.82364,1000,34309.973921
12299.04062,1000,34324.813002
12426.49916,1000,34339.658914
12269.715967,1000,34354.550081
12384.048113,1000,34369.411101
12353.698222,1000,34384.292821
12460.485181,1000,34399.154105
12498.490886,1000,34414.034242
12300.851364,1000,34428.878576
12270.972125,1000,34443.711354
12296.867374,1000,34458.559054
12285.824049,1000,34473.440037
12419.314155,1000,34488.381996
12441.162452,1000,34503.570406
12501.336272,1000,34518.446566
415.93062,70,34519.496779
402.350655,75,34520.618016
12427.472086,1000,34535.574067
12465.372955,1000,34550.481755
12537.784627,1000,34565.361193
12468.424827,1000,34580.292142
12385.239764,1000,34595.228181
398.213687,82,34596.487615
12066.563898,1000,34611.403537
446.913205,79,34612.589178
530.210591,80,34613.793952
505.950045,95,34615.210546
394.598431,70,34616.245611
336.232437,57,34617.107353
12407.868944,1000,34632.002034
12268.251169,1000,34646.897657
215.723455,40,34647.492602
719.863464,122,34649.309151
162.695275,30,34649.76396
162.130321,30,34650.209234
551.293395,114,34651.913225
401.957336,76,34653.040755
393.71771,76,34654.207204
482.249971,86,34655.492263
171.118398,32,34655.968915
246.747395,45,34656.638977
161.352258,31,34657.101599
341.025483,62,34658.053924
445.142177,79,34659.228799
606.012733,103,34660.772111
272.220843,49,34661.520412
1249.279879,167,34664.003587
363.814548,66,34664.991136
270.529285,51,34665.741845
357.881225,62,34666.670162
453.237848,83,34667.919297
427.496984,73,34669.007491
618.834108,103,34670.549643
11968.285157,1000,34685.433733
337.064809,59,34686.311913
365.48454,68,34687.33422
524.934925,92,34688.710173
335.339585,64,34689.662079
487.406199,82,34690.888031
523.762717,108,34692.509155
494.267886,90,34693.844029
11619.861306,1000,34708.725996
12407.656074,1000,34723.673784
12364.869929,1000,34738.576188
12328.5416,1000,34753.48143
12377.865099,1000,34768.425838
224.886362,38,34768.990772
12469.627182,1000,34783.894552
12309.306099,1000,34798.736301
12031.219309,1000,34813.610589
405.753207,69,34814.645478
528.114865,93,34816.027589
12204.430594,1000,34830.891445
354.816437,62,34831.804789
570.158608,102,34833.33638
947.506662,139,34835.427742
789.523149,111,34837.073581
999.894075,187,34839.853371
527.011184,91,34841.242737
219.17449,40,34841.849208
958.277072,148,34844.054233
1084.836959,171,34846.617163
780.554208,155,34848.94245
494.65981,80,34850.132332
392.704752,70,34851.177224
11762.041895,1000,34866.045969
12276.748517,1000,34880.882675
320.363916,54,34881.687323
11919.236736,1000,34896.595306
1015.508409,172,34899.154251
324.457546,57,34900.001153
1136.987735,189,34902.848473
724.946091,139,34904.918328
12211.017748,1000,34919.781022
12312.527997,1000,34934.641078
12356.404938,1000,34949.548795
12540.912228,1000,34964.492129
12430.950208,1000,34979.350277
12426.126605,1000,34994.285528
12458.150865,1000,35009.16896
12479.434777,1000,35024.098294
12538.24102,1000,35038.976312
12503.11319,1000,35053.868592
12463.843456,1000,35068.742995
12477.29062,1000,35083.611787
12402.45757,1000,35098.554378
12537.946982,1000,35113.486094
12493.953709,1000,35128.442538
12536.38232,1000,35143.427179
12482.205247,1000,35158.405874
12453.327554,1000,35173.362264
12352.222202,1000,35188.337167
12422.083066,1000,35203.312307
12283.063283,1000,35218.286684
324.238183,54,35219.100748
440.672762,75,35220.229951
439.55718,78,35221.399835
488.379097,76,35222.534287
12107.177106,1000,35237.512478
12066.594188,1000,35252.49184
1135.223898,172,35255.06503
436.131013,83,35256.321
666.645858,115,35258.044097
231.229366,49,35258.769926
12067.169177,1000,35273.78135
485.52236,92,35275.180189
12077.438924,1000,35290.146998
11401.845515,1000,35305.101328
754.662448,144,35307.261315
556.322231,99,35308.74782
12064.627003,1000,35323.690178
12087.405708,1000,35338.64658
647.787422,115,35340.37681
1001.455038,174,35342.984779
265.054748,52,35343.759728
12069.182862,1000,35358.734668
12191.763594,1000,35373.698791
12040.36759,1000,35388.659508
644.614199,97,35390.148072
12213.464379,1000,35405.042972
12218.183137,1000,35419.963053
12377.263371,1000,35434.983937
12326.283059,1000,35449.876916
12167.103817,1000,35464.791217
12461.23622,1000,35479.66061
12508.837805,1000,35494.567241
12430.791124,1000,35509.45519
12442.606507,1000,35524.356977
124.085203,24,35524.714714
467.582709,83,35525.948264
117.961675,23,35526.291847
112.209951,22,35526.618664
11839.307766,1000,35541.554609
350.499406,62,35542.480408
12134.670187,1000,35557.382215
443.963461,79,35558.573941
379.702403,68,35559.586257
554.667261,96,35561.013022
600.874006,108,35562.624704
331.223315,61,35563.529942
600.869991,99,35565.019274
12070.694926,1000,35579.937963
11985.790377,1000,35594.834297
436.793674,80,35596.024598
12052.414371,1000,35610.955326
485.160088,78,35612.122629
12145.951638,1000,35627.010592
262.361093,50,35627.757565
329.126801,62,35628.685854
543.554145,93,35630.075877
473.091956,82,35631.299921
12492.143266,1000,35646.216769
12300.753241,1000,35661.133121
12498.694761,1000,35676.042204
12400.831827,1000,35690.996594
848.16404,113,35692.707118
12521.024571,1000,35707.656807
12471.76932,1000,35722.571926
405.077631,90,35723.93013
242.698898,54,35724.733417
301.573833,69,35725.772458
665.929812,145,35727.935646
383.810162,86,35729.250327
316.454236,66,35730.239543
355.660668,74,35731.349816
473.351379,100,35732.846528
11895.43838,1000,35747.810881
306.531744,74,35748.924808
475.837481,109,35750.545648
269.482075,61,35751.460591
204.882771,49,35752.19558
243.047105,55,35753.015624
343.868643,82,35754.254884
469.330443,97,35755.725514
158.214706,36,35756.285413
301.10662,59,35757.182788
361.974305,80,35758.383823
334.949178,78,35759.561992
390.30065,87,35760.86694
218.346266,52,35761.651935
240.593575,56,35762.488468
322.54083,69,35763.516073
319.881051,70,35764.565046
276.133592,62,35765.501816
307.819891,68,35766.513318
320.290186,71,35767.58165
321.985087,69,35768.633108
295.183454,69,35769.663387
384.112022,78,35770.836554
978.816614,174,35773.441446
260.348974,57,35774.293035
320.164461,69,35775.330586
247.928668,56,35776.165025
232.686782,54,35776.977949
323.89861,74,35778.081167
353.265295,83,35779.33723
214.27658,43,35779.981934
475.261538,92,35781.352771
466.955638,99,35782.849312
314.947496,57,35783.701022
1067.811416,156,35786.024304
804.702436,117,35787.776876
12302.712313,1000,35802.740976
89.266601,18,35803.008454
12531.260825,1000,35817.982801
222.68392,37,35818.553772
12574.566977,1000,35833.474657
296.976655,53,35834.269465
532.678412,91,35835.625373
524.24936,87,35836.921959
367.811822,66,35837.917906
653.249552,108,35839.533938
1174.945882,169,35842.062296
12012.781591,1000,35857.041316
235.800893,47,35857.745488
848.862137,129,35859.681667
429.604738,77,35860.834317
504.381411,80,35862.034239
489.721328,84,35863.290847
11798.55439,1000,35878.291946
12361.480474,1000,35893.255589
12546.654331,1000,35908.192334
12389.135316,1000,35923.151656
12355.549925,1000,35938.110256
187.769305,33,35938.609362
12392.381033,1000,35953.582071
478.990746,69,35954.616321
12493.667264,1000,35969.629083
12507.228403,1000,35984.556462
12456.894194,1000,35999.484378
12368.097712,1000,36014.44737
12339.038201,1000,36029.409467
12500.002006,1000,36044.320713
12554.371527,1000,36059.264979
12431.333085,1000,36074.170315
704.922565,91,36075.536175
559.040856,84,36076.795139
175.252844,31,36077.254089
793.345562,108,36078.860151
12593.412244,1000,36093.759639
12568.053646,1000,36108.660425
12396.320632,1000,36123.591251
431.215803,94,36124.988056
357.461903,76,36126.126056
800.67588,166,36128.619585
464.346164,85,36129.895452
12071.4135,1000,36144.803905
11691.946916,1000,36160.256562
244.358321,56,36161.096508
559.467884,117,36162.850639
427.858808,95,36164.266071
715.967167,142,36166.389731
12089.709918,1000,36181.267454
399.658042,87,36182.577395
377.103505,87,36183.908945
812.740938,169,36186.457742
228.115895,53,36187.258749
367.491165,69,36188.286489
528.241606,105,36189.853658
608.742354,119,36191.636133
400.899363,79,36192.817529
695.29384,150,36195.068471
11532.110562,1000,36210.021109
718.813432,113,36211.709377
12328.326777,1000,36226.597093
701.342295,108,36228.220322
586.441423,95,36229.645332
12042.432372,1000,36244.608009
515.603277,87,36245.916588
12070.508816,1000,36260.825626
137.940991,27,36261.228959
213.32017,39,36261.813887
417.804209,70,36262.862335
832.593832,128,36264.780852
396.850294,72,36265.857015
12180.928287,1000,36280.805369
269.797028,48,36281.516413
12400.860449,1000,36296.433126
255.827437,45,36297.099081
12261.101787,1000,36312.058485
12419.677409,1000,36326.976143
206.905249,44,36327.647846
339.616182,69,36328.680401
220.185266,43,36329.320293
12125.714884,1000,36344.287806
1008.814237,143,36346.424731
441.190526,81,36347.632178
11905.550057,1000,36362.547992
275.264935,49,36363.274639
305.073492,54,36364.07824
230.026791,43,36364.714625
272.250234,51,36365.471246
283.653361,53,36366.294873
267.607033,51,36367.052854
523.686099,97,36368.505931
236.501209,45,36369.185998
12035.789218,1000,36384.134541
263.770962,50,36384.889183
224.556198,42,36385.515413
386.434984,64,36386.473591
498.856189,78,36387.661891
12432.319961,1000,36402.631218
12514.147303,1000,36417.599985
207.191701,35,36418.118934
484.613077,68,36419.143774
12377.010402,1000,36434.140038
12594.545797,1000,36449.114252
12566.591196,1000,36464.143643
12213.915296,1000,36479.079373
12342.740017,1000,36494.060673
515.923233,92,36495.438576
12192.599228,1000,36510.421657
668.821504,120,36512.221938
474.610049,89,36513.544972
12400.68805,1000,36528.482838
12268.162885,1000,36543.430261
694.252345,110,36545.073537
689.126571,121,36546.881832
481.03294,111,36548.539047
532.389578,101,36550.103652
12052.598503,1000,36565.037345
586.731645,113,36566.722691
463.9536,80,36567.933206
395.219455,69,36568.959255
12019.94851,1000,36583.885544
11969.42069,1000,36598.846667
468.603882,94,36600.25184
636.895678,133,36602.241101
220.285369,45,36602.91792
628.917663,103,36604.460407
377.308844,77,36605.600945
12621.6429,1000,36620.560299
12545.466081,1000,36635.509702
12588.730366,1000,36650.4657
12554.902979,1000,36665.373426
923.964305,146,36667.569945
1446.701642,195,36670.471549
12388.121704,1000,36685.435935
12448.92229,1000,36700.370265
478.6286,90,36701.734787
879.186125,125,36703.601118
12176.233374,1000,36718.467786
285.888104,56,36719.301484
12173.734926,1000,36734.246816
295.273459,54,36735.07035
12017.591916,1000,36749.970071
152.494754,28,36750.3882
12300.425451,1000,36765.251473
866.454005,129,36767.160728
503.172814,80,36768.350753
12439.210077,1000,36783.22272
12499.153677,1000,36798.099494
12533.994881,1000,36812.962132
12565.320211,1000,36827.791525
593.629273,90,36829.139741
501.410404,84,36830.398093
188.799009,36,36830.931414
12267.308497,1000,36845.780802
167.471223,32,36846.266744
333.351798,59,36847.145332
12274.844599,1000,36862.031694
419.150679,75,36863.157298
447.437908,73,36864.252053
964.760421,176,36866.891486
12331.346267,1000,36881.786671
1104.853586,150,36884.02252
12231.682922,1000,36898.888895
619.076803,110,36900.530982
148.986734,29,36900.956039
12423.364676,1000,36915.841087
329.338367,63,36916.785028
12024.020778,1000,36931.677088
12584.643906,1000,36946.648964
472.306418,89,36947.980714
362.5689,72,36949.054009
723.552384,146,36951.248293
262.30141,57,36952.097178
564.775777,107,36953.689501
296.86372,71,36954.762771
502.158734,94,36956.172736
463.042403,98,36957.627447
861.943663,145,36959.805875
542.972324,105,36961.362462
456.570777,89,36962.703419
391.724035,75,36963.823378
459.715437,80,36965.020641
12314.398147,1000,36979.9338
694.100782,109,36981.555243
377.943017,79,36982.733199
12097.293019,1000,36997.624317
12366.63675,1000,37012.58699
287.618598,50,37013.331179
12249.251904,1000,37028.317971
12640.778902,1000,37043.33886
12297.576602,1000,37058.315011
12450.284596,1000,37073.298727
12095.076311,1000,37088.255389
12487.283347,1000,37103.25977
454.43994,96,37104.72045
462.115776,98,37106.197983
679.07073,117,37107.946475
308.363581,67,37108.953734
523.343183,101,37110.456142
333.948755,73,37111.545609
327.625349,69,37112.578773
12014.041666,1000,37127.555503
435.65526,87,37128.84547
458.998519,99,37130.33706
394.116437,86,37131.636988
444.133209,88,37132.951889
375.824847,78,37134.125803
446.003271,93,37135.524164
860.873132,160,37137.929971
11939.030224,1000,37152.886035
900.495798,163,37155.335064
734.256521,140,37157.435792
263.019447,55,37158.256846
460.830394,96,37159.737447
499.957618,94,37161.154053
289.575743,59,37162.034805
699.511504,119,37163.81899
12470.737588,1000,37178.786626
12531.045988,1000,37193.738458
421.591846,75,37194.872596
341.239773,67,37195.870841
12439.440194,1000,37210.786873
534.423029,86,37212.071939
12563.725786,1000,37227.026883
11834.6541,1000,37241.94619
302.529684,58,37242.810794
261.48393,48,37243.527193
451.59613,83,37244.774123
12223.683374,1000,37259.683201
661.78459,112,37261.351366
728.060986,135,37263.36729
12214.725443,1000,37278.285002
439.762326,75,37279.406964
366.229506,64,37280.363958
467.951398,82,37281.615498
283.460152,52,37282.401648
469.369445,79,37283.591365
314.212132,58,37284.473012
12189.484761,1000,37299.373081
12327.498445,1000,37314.284125
12129.702206,1000,37329.228574
795.629687,120,37331.023751
211.240264,45,37331.694008
519.027108,90,37333.033348
12339.677151,1000,37347.957098
12456.839634,1000,37362.79859
12560.188333,1000,37377.676431
12576.244556,1000,37392.535164
12584.922872,1000,37407.454268
345.418586,63,37408.390126
12328.01872,1000,37423.217565
530.228179,82,37424.442783
823.076244,118,37426.200375
934.513411,148,37428.405615
572.423342,101,37429.902849
504.174944,80,37431.090743
427.924622,74,37432.190488
601.16393,96,37433.622425
353.186964,55,37434.441839
337.862683,55,37435.258966
305.648898,52,37436.034364
401.333311,75,37437.156964
362.82885,66,37438.145561
597.333688,93,37439.537784
12457.124916,1000,37454.393157
403.671208,65,37455.366542
230.592142,42,37455.998455
12400.074391,1000,37470.935393
369.342177,60,37471.825788
592.841014,94,37473.22739
12516.514187,1000,37488.104222
960.131426,163,37490.548376
354.97224,66,37491.531646
1471.875369,205,37494.589806
12317.887445,1000,37509.44683
12490.843687,1000,37524.318562
12677.925703,1000,37539.187902
12645.202282,1000,37554.022282
12619.442038,1000,37568.876634
12691.843205,1000,37583.747734
12631.59316,1000,37598.632468
12605.96968,1000,37613.471469
12660.425674,1000,37628.314488
12522.787976,1000,37643.241731
12582.756158,1000,37658.22124
289.462893,50,37658.98085
657.390477,114,37660.690419
500.330398,82,37661.908357
872.546,135,37663.92596
155.096513,30,37664.373461
373.531307,64,37665.330253
502.293476,79,37666.536478
12635.985247,1000,37681.435329
1115.630755,176,37684.050049
1031.166112,165,37686.530061
12568.81087,1000,37701.435024
12699.274754,1000,37716.389581
12665.552519,1000,37731.296388
12671.155613,1000,37746.1928
12711.761542,1000,37761.165177
12634.961431,1000,37776.104503
12503.65635,1000,37791.098911
6260.572761,522,37798.998533
12653.219268,1000,37813.922923
12712.020392,1000,37828.85041
12634.657429,1000,37843.821637
12785.708915,1000,37858.753043
1737.783676,207,37861.85515
12640.07567,1000,37876.773591
535.927453,92,37878.160161
12619.080931,1000,37893.187814
916.751422,174,37895.812058
11850.115433,1000,37910.808849
12661.813134,1000,37925.7365
12689.200006,1000,37940.70156
151.123822,30,37941.150838
510.404678,87,37942.455745
513.891139,92,37943.835808
697.679634,126,37945.72066
388.963545,74,37946.840006
899.688405,172,37949.41374
406.577677,77,37950.573755
139.913439,27,37950.979756
743.248489,137,37953.057853
135.343139,27,37953.461287
348.035958,64,37954.422719
365.283108,72,37955.50752
12322.521961,1000,37970.438748
236.726319,47,37971.144656
543.837482,105,37972.710929
352.095909,72,37973.784472
12124.590045,1000,37988.712178
11851.238345,1000,38003.631648
400.419418,75,38004.749867
574.872125,104,38006.292299
12168.631597,1000,38021.204422
680.366688,133,38023.174837
12512.999869,1000,38038.036676
428.29437,81,38039.241623
381.140243,84,38040.50204
374.16954,74,38041.613317
264.611161,60,38042.504813
392.825951,78,38043.669822
401.689731,81,38044.873169
349.859416,75,38045.997232
386.55623,78,38047.16138
482.424606,84,38048.422305
12440.460225,1000,38063.330611
12657.278945,1000,38078.216665
191.502185,37,38078.759978
11972.183671,1000,38093.64008
444.979998,88,38094.967702
12305.97671,1000,38110.063631
389.353414,75,38111.173738
453.415412,79,38112.346879
11013.506513,1000,38127.25463
350.819333,66,38128.241207
292.101705,53,38129.027182
263.774592,47,38129.727946
726.905027,123,38131.559745
2010.247001,311,38136.239218
518.006043,98,38137.729105
608.929935,120,38139.567341
12115.153086,1000,38154.451765
689.792187,114,38156.15208
12433.269235,1000,38171.009475
12637.519895,1000,38185.901975
12674.003004,1000,38200.814806
12540.251872,1000,38215.703489
12567.733979,1000,38230.565571
12603.841997,1000,38245.469398
12671.878076,1000,38260.42129
12631.455596,1000,38275.339924
12626.741533,1000,38290.209982
12719.206306,1000,38305.151371
12621.194933,1000,38320.095748
12599.643419,1000,38334.984077
12725.490746,1000,38349.901834
12627.317366,1000,38364.849455
12637.458974,1000,38379.76217
12618.9157,1000,38394.665803
12444.248468,1000,38409.58418
586.330388,94,38410.989398
272.300126,50,38411.739812
509.341242,88,38413.053297
511.687068,81,38414.263901
488.196074,77,38415.405622
12097.801802,1000,38430.313437
705.87824,117,38432.0517
553.934051,91,38433.420508
11607.228581,1000,38448.36996
173.026753,35,38448.901339
214.893323,41,38449.507509
199.144234,38,38450.072591
316.209591,57,38450.914205
12227.274087,1000,38465.829394
335.024378,59,38466.712241
491.535734,77,38467.85341
145.424144,30,38468.30247
225.097429,43,38468.941706
135.185471,28,38469.355078
12298.383244,1000,38484.301123
668.212093,124,38486.155956
428.053648,77,38487.310796
418.952273,84,38488.564131
275.590794,61,38489.470558
462.177422,103,38491.008407
370.307622,87,38492.31077
489.478697,97,38493.766579
12023.416799,1000,38508.696676
555.196539,102,38510.223456
651.179138,100,38511.714927
539.094417,101,38513.226522
408.497958,77,38514.376849
333.359673,62,38515.296405
410.874138,72,38516.369659
690.323699,115,38518.077967
626.420883,94,38519.484589
12292.273238,1000,38534.416313
430.722952,80,38535.610572
330.550148,65,38536.582844
417.264018,76,38537.760446
455.454673,80,38538.956694
363.514928,73,38540.056329
531.281723,95,38541.472928
676.717481,137,38543.531891
505.145253,91,38544.898472
587.66805,105,38546.463415
626.04118,103,38548.001658
816.969567,136,38550.031638
12295.339655,1000,38564.966068
622.122959,90,38566.318072
766.577223,109,38567.951817
12515.52682,1000,38582.874604
12541.597887,1000,38597.78461
12176.47145,1000,38612.719923
737.856856,106,38614.290504
140.502822,29,38614.718874
140.519237,30,38615.167829
144.455578,30,38615.61649
765.167906,130,38617.546221
429.916616,83,38618.795343
518.476027,106,38620.385531
250.078721,54,38621.18198
233.750739,49,38621.921822
816.634142,149,38624.17611
371.65019,73,38625.269406
11929.925708,1000,38640.137829
499.907836,96,38641.569403
1120.834386,208,38644.677618
280.602343,58,38645.549216
352.044855,68,38646.569108
208.230674,44,38647.226707
671.250855,121,38649.02573
659.977797,139,38651.10727
12027.380241,1000,38665.993974
289.755959,56,38666.821593
921.510347,183,38669.56147
390.75472,81,38670.763741
557.72346,106,38672.339714
737.352195,144,38674.49973
12667.27911,1000,38689.40244
12500.166229,1000,38704.283437
12659.462744,1000,38719.189436
7056.015212,590,38727.962359
12560.985908,1000,38742.821755
12737.932641,1000,38757.812774
12610.51171,1000,38772.726476
12731.379733,1000,38787.67093
12821.257947,1000,38802.559258
12706.159011,1000,38817.46523
12484.702114,1000,38832.372968
12610.882303,1000,38847.248906
12659.347205,1000,38862.128197
12700.867402,1000,38877.034741
12778.07549,1000,38891.908394
12488.230714,1000,38906.789749
12696.839861,1000,38921.653446
12018.38672,1000,38936.576015
11981.396684,1000,38951.467262
12010.86893,1000,38966.355574
244.911839,48,38967.084233
12277.270062,1000,38981.995998
12331.739647,1000,38996.942594
575.427573,104,38998.477936
494.758921,90,38999.820854
325.165133,58,39000.682518
664.2461,110,39002.325689
362.528821,72,39003.403966
11836.154814,1000,39018.361273
11971.058749,1000,39033.317782
520.515503,92,39034.699322
300.472163,61,39035.639045
423.340132,99,39037.119243
269.024128,55,39037.93924
227.913058,48,39038.655764
227.520958,48,39039.364161
381.643061,74,39040.475008
171.852613,34,39040.982355
335.824554,67,39041.983999
185.856919,37,39042.54839
212.552797,43,39043.198362
304.555201,65,39044.180306
305.182156,60,39045.072198
276.611904,56,39045.913473
818.815852,142,39048.030428
429.372319,82,39049.255299
316.5481,59,39050.143426
304.254158,63,39051.10794
520.933594,94,39052.514549
414.637787,91,39053.880157
806.875506,140,39055.977702
576.97176,97,39057.425406
676.438746,107,39059.039087
370.465729,67,39060.043223
12290.319142,1000,39075.006037
12193.203957,1000,39089.938636
243.642416,46,39090.629668
566.100951,104,39092.183842
12358.898236,1000,39107.161341
12419.273042,1000,39122.095607
12409.052134,1000,39143.298592
1066.207856,148,39145.484326
410.419101,69,39146.509285
368.235268,66,39147.484524
317.083458,55,39148.31116
569.948979,95,39149.727737
680.310461,112,39151.400204
12263.830364,1000,39166.298881
608.764694,93,39167.68635
565.834167,90,39169.020274
383.549458,65,39170.001889
508.872081,78,39171.166902
692.595913,114,39172.900106
396.461689,66,39173.886837
474.864616,79,39175.064667
319.7703,55,39175.884321
12338.560091,1000,39190.791035
555.962739,88,39192.115935
724.724909,131,39194.076771
952.543429,146,39196.248435
535.939201,94,39197.6583
376.050793,75,39198.775379
285.148429,54,39199.573967
281.921564,50,39200.339637
225.596647,43,39200.983952
12216.727556,1000,39215.923264
123.263379,25,39216.300905
11392.766806,933,39230.230376
454.099704,84,39231.481048
560.666671,108,39233.105238
12279.06781,1000,39248.065314
695.910471,112,39249.73951
386.923045,83,39250.97856
12566.90544,1000,39265.901925
331.885401,54,39266.704454
721.329219,98,39268.170772
277.679044,48,39268.88106
440.891915,76,39270.02531
186.718367,35,39270.552581
246.129589,44,39271.210827
448.494869,70,39272.265208
241.482816,45,39272.937862
382.675015,66,39273.924159
190.737148,38,39274.492474
479.818326,75,39275.62814
435.512888,75,39276.742669
503.592251,78,39277.910558
623.658216,92,39279.278906
268.399676,46,39279.972207
335.061682,60,39280.867185
516.717514,94,39282.288789
12374.041693,1000,39297.221513
308.527373,58,39298.088129
12267.126572,1000,39312.964729
712.30806,97,39314.414503
281.087286,51,39315.177111
12413.001336,1000,39330.267873
266.508306,50,39331.092955
256.671487,49,39331.863517
11956.305955,1000,39347.211027
440.225516,75,39348.469122
855.272764,160,39350.927449
356.428662,69,39351.952606
399.336464,71,39352.975842
393.201958,65,39353.950969
445.141904,72,39355.019047
397.373989,74,39356.164076
261.17655,50,39356.904953
286.713748,54,39357.774541
586.517615,102,39359.446054
337.452021,63,39360.424042
281.787527,55,39361.273138
860.58732,126,39363.208975
240.156475,44,39363.905571
227.596498,42,39364.534554
12020.693437,1000,39378.989666
12799.980331,1000,39393.892189
598.166483,102,39395.417999
12393.236056,1000,39410.423049
346.651181,65,39411.39378
12189.930159,1000,39426.661326
498.649872,95,39428.088885
398.436701,79,39429.289412
446.500285,79,39430.49016
465.134436,86,39431.799744
399.684118,75,39432.945973
12202.143878,1000,39448.029246
12192.493266,1000,39462.720716
504.676242,83,39463.991034
12246.889419,1000,39479.525964
317.744906,70,39480.598543
479.074402,108,39482.147021
815.079784,126,39483.910305
405.93597,76,39485.005566
258.888757,59,39485.851996
306.455492,69,39486.872227
355.920216,70,39487.964891
399.694116,81,39489.146824
303.449939,57,39490.005526
168.50786,33,39490.507184
408.678291,78,39491.666857
366.844078,72,39492.723049
12097.260037,1000,39507.100914
315.683297,58,39507.945238
300.108056,59,39508.800408
446.773652,94,39510.186821
11633.935025,1000,39524.735427
505.789522,104,39526.313487
442.221756,74,39527.521965
326.596774,66,39528.500231
12054.96499,1000,39543.767897
12680.578474,1000,39558.768618
12551.382117,1000,39573.988441
12708.176867,1000,39589.021045
12680.092723,1000,39604.232475
12632.096251,1000,39619.35669
12699.285397,1000,39634.665615
12797.937453,1000,39649.291393
12466.68414,1000,39663.974123
12719.443323,1000,39678.603973
12697.120734,1000,39693.463096
12634.933472,1000,39708.787029
462.859394,86,39710.150815
754.584612,162,39712.617335
270.912506,57,39713.472693
12508.366037,1000,39728.194866
12195.917957,1000,39743.16979
309.502942,69,39744.190814
361.361071,80,39745.375732
305.608077,65,39746.359309
476.865736,81,39747.651904
714.001996,123,39749.495907
722.598018,137,39751.550313
516.984471,88,39752.850414
711.152572,139,39755.00087
541.785374,106,39756.582596
339.368776,62,39757.498593
615.397022,131,39759.415094
1018.381664,190,39762.230032
412.068309,83,39763.508493
460.59166,91,39764.967636
12112.004546,1000,39780.2759
473.038154,86,39781.570499
11879.042951,1000,39796.61091
12422.97032,1000,39811.382596
12704.374698,1000,39826.197977
519.055764,111,39827.872811
556.193444,105,39829.465539
761.673306,132,39831.517076
337.977666,61,39832.415507
544.390464,93,39833.882241
426.461203,86,39835.28079
440.019861,93,39836.628563
12480.066941,1000,39852.037295
264.099927,53,39852.850824
495.334844,93,39854.284635
345.479561,67,39855.351646
290.654962,55,39856.239696
338.437702,64,39857.167905
683.669766,132,39859.046118
444.885389,84,39860.286391
516.281974,98,39861.825155
12017.76651,1000,39877.226029
439.117451,80,39878.445812
472.016751,94,39879.823632
11853.705549,1000,39894.852326
437.605848,81,39896.102935
12271.362692,1000,39911.591994
423.828724,98,39913.170365
11693.957856,1000,39928.437468
226.617396,51,39929.336213
268.478406,61,39930.31241
191.129132,46,39931.049603
161.813371,36,39931.603635
12596.174414,1000,39946.493838
298.765654,64,39947.47664
631.40097,103,39948.994003
340.632035,71,39950.043728
308.262179,70,39951.088269
575.672954,127,39953.030189
599.006107,124,39954.923784
946.437769,201,39958.043623
308.354909,69,39959.15514
446.216704,91,39960.512432
12211.134794,1000,39975.487163
12280.887916,1000,39990.26851
746.582811,130,39992.274815
6637.671538,639,40002.013913
12295.654511,1000,40017.00748
370.125734,75,40018.159734
12441.10478,1000,40033.157163
12527.737067,1000,40048.483098
529.401344,90,40049.922459
616.96461,111,40051.615359
12653.24483,1000,40066.826949
713.61471,138,40068.825464
499.794926,86,40070.05854
611.989969,98,40071.48869
253.338663,46,40072.155305
674.120947,104,40073.696872
144.933668,28,40074.123171
242.240005,44,40074.774965
130.386614,26,40075.154452
141.479209,28,40075.572936
1185.418764,167,40078.080072
131.257488,26,40078.456423
143.941833,28,40078.86707
153.564194,30,40079.313473
131.582876,26,40079.696789
124.219393,25,40080.060135
752.204654,125,40081.896664
12153.77544,1000,40097.09769
141.687763,28,40097.503914
126.351559,25,40097.885075
427.050668,78,40099.079315
145.708423,29,40099.527667
12291.903849,1000,40115.975525
443.11943,79,40117.313148
704.942648,126,40119.428057
599.47899,103,40121.141984
12034.352567,1000,40137.861888
714.295773,143,40140.234887
781.151007,139,40142.504782
12386.414956,1000,40157.309468
12700.236754,1000,40172.198216
12738.3097,1000,40187.275418
472.115097,88,40188.6616
220.728963,43,40189.317969
384.186693,68,40190.340416
12737.116307,1000,40205.657993
12702.617024,1000,40220.527587
407.155588,74,40221.632792
323.443986,57,40222.493629
618.78629,110,40224.117011
12785.437693,1000,40238.81992
12781.649243,1000,40253.974389
12828.936408,1000,40269.735263
12735.644983,1000,40285.022104
12770.554687,1000,40299.938826
12671.184855,1000,40315.57395
12699.598783,1000,40331.089414
11813.269593,1000,40347.702739
12027.499903,1000,40364.430156
749.647655,120,40366.450088
386.726273,78,40367.748638
411.223367,76,40369.015294
422.792275,82,40370.384863
422.707204,76,40371.649986
461.538573,79,40372.970499
398.528049,71,40374.144997
12168.01907,1000,40390.863279
262.777317,56,40391.798479
306.649945,66,40392.894113
516.990889,95,40394.483976
1115.377937,183,40397.545998
445.653268,78,40398.86693
456.707727,95,40400.48393
647.581286,113,40402.362472
11333.639606,1000,40418.000576
273.636644,51,40418.735689
282.841607,55,40419.549034
451.645705,78,40420.697425
582.312609,98,40422.143936
434.282923,77,40423.303024
122.827813,25,40423.683839
324.62277,62,40424.615351
754.33012,126,40426.512057
12247.8911,1000,40441.532079
513.883299,89,40442.833381
12012.254114,1000,40457.830357
12256.03181,1000,40472.840016
12347.868997,1000,40487.75786
735.640203,119,40489.509282
1337.960282,183,40492.219344
1027.412116,182,40494.958112
555.63071,102,40496.540544
12359.276926,1000,40512.045159
11980.301608,1000,40526.832104
439.477979,79,40527.981076
12163.277196,1000,40542.932205
495.832138,90,40544.283501
811.870335,133,40546.238462
283.071033,54,40547.091232
264.297553,50,40547.880285
200.752336,37,40548.396447
675.477991,124,40550.188197
389.90633,75,40551.327532
211.576769,41,40551.914998
301.540183,55,40552.704857
12127.44819,1000,40568.020099
12302.087065,1000,40584.274473
906.797941,160,40586.924829
12402.659091,1000,40603.370262
12789.466585,1000,40619.472423
12834.220361,1000,40635.551756
12846.437703,1000,40651.894563
12665.663874,1000,40667.495173
12810.094076,1000,40682.402539
641.271998,103,40683.895914
12814.400108,1000,40698.530171
12839.813737,1000,40713.213128
333.153512,60,40714.101822
530.485998,81,40715.299453
844.872118,121,40717.111697
344.538527,63,40718.048479
864.803325,160,40720.586178
542.223436,90,40721.96085
589.923685,114,40723.80137
1274.647343,198,40726.855275
455.763467,84,40728.243816
1872.966435,243,40731.987551
11925.488359,1000,40747.292385
12500.625963,1000,40762.720191
610.280923,93,40764.129521
291.313608,53,40764.936626
12566.661424,1000,40780.26691
357.313678,65,40781.240634
12516.342546,1000,40796.213979
427.584704,76,40797.413895
468.227402,90,40798.779675
450.246458,88,40800.16084
12072.619464,1000,40815.868531
532.195678,97,40817.447163
408.783453,74,40818.60456
413.045741,77,40819.823103
470.310845,86,40821.226857
473.349243,78,40822.367057
593.335998,104,40823.953521
476.95839,89,40825.308349
467.708517,96,40826.76796
291.299376,56,40827.67013
316.095469,59,40828.610752
437.606209,79,40829.871614
359.018012,70,40830.998409
197.159203,40,40831.662256
265.260304,52,40832.512771
520.350542,104,40834.26527
417.445339,76,40835.528007
276.688031,54,40836.423462
273.578846,54,40837.331818
573.27776,97,40838.961909
625.690767,102,40840.663926
12326.196142,1000,40857.376039
12383.396171,1000,40874.0933
375.206741,68,40875.226707
837.763326,155,40877.810236
634.171921,98,40879.450904
12808.517909,1000,40896.192912
12805.46789,1000,40912.238609
12625.582892,1000,40927.407457
334.679164,57,40928.286604
552.439107,92,40929.687334
12632.998159,1000,40945.130506
12466.36018,1000,40960.552598
351.908637,74,40961.713937
12578.73222,1000,40977.556187
12648.49877,1000,40994.268491
12387.087991,1000,41011.006457
691.209658,106,41012.774476
723.97876,135,41015.020253
406.500669,68,41016.189106
221.361761,39,41016.839484
12631.221746,1000,41033.539003
114.77548,23,41033.920959
506.672576,90,41035.420187
569.617637,85,41036.839897
486.870712,88,41038.321807
389.9366,74,41039.535259
536.338564,90,41040.925172
462.607163,83,41042.303884
531.625171,96,41043.8381
458.224559,89,41045.166829
406.133987,74,41046.294858
583.389039,115,41048.123586
357.123568,68,41049.105319
332.57386,64,41050.033787
769.513798,148,41052.344411
894.67629,154,41054.770538
539.580136,95,41056.246575
428.550296,77,41057.442868
492.826294,89,41058.852337
355.511776,66,41060.013213
676.595442,128,41061.869897
12581.003057,1000,41076.25597
471.843705,87,41077.521101
671.903797,127,41079.374171
322.469732,58,41080.222291
12287.832515,1000,41094.862179
367.896536,69,41095.871809
410.272319,72,41096.9221
503.185492,90,41098.241816
12603.384244,1000,41112.879414
12790.741635,1000,41127.995521
12759.543692,1000,41143.058369
12796.907823,1000,41158.532539
111.869211,22,41158.86601
12654.038458,1000,41175.029357
120.321316,23,41175.415825
12867.742598,1000,41192.179151
12760.113053,1000,41208.865166
12733.123631,1000,41225.177879
12466.281347,1000,41240.107471
1944.420919,316,41244.864646
233.044117,48,41245.586096
281.407779,53,41246.378585
404.869312,75,41247.495351
484.84325,87,41248.800164
419.320396,97,41250.248952
794.394482,156,41252.593434
457.921599,87,41253.893359
315.622912,61,41254.810843
374.385023,81,41256.023448
587.173898,106,41257.627416
461.154569,89,41258.965234
366.92693,66,41259.94474
669.054512,113,41261.637341
239.925273,51,41262.399067
346.027913,69,41263.431245
745.706266,117,41265.17449
661.87678,105,41266.70276
12628.416494,1000,41281.442171
590.301221,106,41283.036713
622.799338,97,41284.491525
776.767655,120,41286.277007
12407.29161,1000,41301.085628
495.42069,83,41302.319558
960.471884,137,41304.355725
12129.995787,1000,41319.374757
387.140644,67,41320.37954
12289.114684,1000,41335.339696
539.671769,92,41336.717375
486.3579,82,41337.954071
423.087693,84,41339.207311
249.347494,46,41339.903972
12292.899287,1000,41354.860694
12461.145716,1000,41369.900054
12424.723278,1000,41384.839375
433.457199,75,41385.96285
608.996916,108,41387.590922
12276.596009,1000,41402.596321
328.700751,56,41403.449317
12426.76875,1000,41418.447948
485.884217,85,41419.718023
12454.48837,1000,41434.7159
783.534188,129,41436.6363
227.935223,43,41437.292127
566.265715,100,41438.788767
296.910989,54,41439.59497
349.29214,68,41440.607021
367.788204,68,41441.624528
12199.607437,1000,41456.618045
12395.49164,1000,41471.604008
316.140807,55,41472.435673
257.633867,47,41473.142501
350.092225,69,41474.173999
781.153745,119,41475.975462
343.337959,62,41476.90382
376.469668,68,41477.928699
488.423875,89,41479.26873
567.912297,92,41480.651981
441.470524,84,41481.932946
972.440628,152,41484.228462
541.028862,99,41485.713588
478.57296,89,41487.046948
12014.729944,1000,41502.062839
325.118178,51,41502.827
519.519553,109,41504.460254
166.046706,31,41504.927574
590.537508,109,41506.550931
169.448718,32,41507.029187
12491.364405,1000,41522.021605
1231.618289,183,41524.760124
289.95717,50,41525.505074
477.382114,84,41526.765668
12537.342106,1000,41541.776025
10893.863519,1000,41556.804425
881.200117,131,41558.778305
460.40109,74,41559.881969
853.657928,136,41561.927839
471.925429,94,41563.334476
1576.214996,192,41566.231613
453.531301,73,41567.335512
12637.598441,1000,41582.320952
724.304475,121,41584.145953
301.536673,58,41585.036253
366.464899,69,41586.07088
393.123237,77,41587.254119
12230.429927,1000,41602.246783
214.505188,40,41602.846756
579.715133,113,41604.539288
545.711178,115,41606.28258
287.78506,57,41607.134126
908.236973,144,41609.285761
276.48328,55,41610.121593
350.339,69,41611.17982
250.854817,51,41611.951406
269.383299,55,41612.772278
271.039953,54,41613.578091
301.19569,63,41614.523844
206.019596,40,41615.11625
206.285266,40,41615.728296
383.087882,69,41616.757917
272.070678,49,41617.499531
318.593059,68,41618.5221
363.256766,78,41619.68777
309.076127,65,41620.657712
318.181268,59,41621.539109
1662.793429,219,41624.835948
750.625525,152,41627.112411
417.691835,87,41628.417391
12199.687028,1000,41643.419719
12534.872262,1000,41658.392638
840.487204,121,41660.203702
1181.185862,179,41662.900853
12304.050854,1000,41677.886313
1046.578546,169,41680.410144
12579.971656,1000,41695.364489
360.497667,66,41696.347799
369.133524,69,41697.375496
416.164948,75,41698.499401
466.803413,100,41700.014285
523.966949,96,41701.450872
342.765173,62,41702.38163
320.973922,65,41703.3574
280.096253,54,41704.160768
396.970274,76,41705.302203
312.343067,61,41706.20571
372.966316,74,41707.353325
405.930346,77,41708.616398
450.108718,78,41709.917515
655.976111,125,41711.792884
596.720853,110,41713.435415
501.227987,85,41714.703942
400.791132,72,41715.780925
12339.721087,1000,41730.730265
357.676986,67,41731.738326
323.384807,61,41732.687465
853.511678,142,41734.823684
431.910731,90,41736.171627
12281.053195,1000,41751.115186
454.907041,95,41752.560388
813.589559,142,41754.699985
398.302906,78,41755.879407
359.674026,74,41756.988646
868.073329,175,41759.630292
940.148966,164,41762.09329
321.333504,66,41763.085027
451.067239,79,41764.275013
451.343979,88,41765.594243
414.699408,81,41766.805443
12175.439496,1000,41781.772459
12502.852992,1000,41796.725237
12722.486208,1000,41811.669583
729.609092,112,41813.364476
12132.462375,1000,41828.320509
735.085859,107,41829.918618
674.614303,103,41831.458797
478.077836,76,41832.58974
784.621915,126,41834.486923
12709.795656,1000,41849.441255
378.472815,65,41850.419559
390.791879,65,41851.39623
616.910266,107,41852.997996
194.41785,35,41853.520336
1172.792818,161,41855.961006
12381.01362,1000,41870.930543
650.723308,99,41872.420282
12520.586812,1000,41887.364614
12488.969089,1000,41902.299028
12489.700567,1000,41917.28778
11622.290321,1000,41932.255048
241.275238,49,41932.994618
837.08412,132,41934.971005
12401.421129,1000,41949.956293
12790.311209,1000,41964.936968
12664.061302,1000,41979.926742
12824.14441,1000,41994.929497
12842.51621,1000,42009.867013
614.700063,107,42011.483117
693.37384,117,42013.233506
288.806853,58,42014.111595
12447.706515,1000,42029.07928
242.128478,53,42029.875241
253.175559,56,42030.711939
638.809547,134,42032.7301
12335.314917,1000,42047.716122
656.755526,117,42049.474377
852.392743,141,42051.585627
12046.305338,1000,42066.543696
363.806004,71,42067.632002
299.996459,56,42068.480706
11993.892438,1000,42083.457957
1468.377484,238,42087.022091
12455.52964,1000,42102.035417
403.996443,71,42103.108646
483.237532,79,42104.289823
872.635689,135,42106.310294
396.953148,79,42107.483627
334.458653,73,42108.576868
346.183242,61,42109.501739
12334.917054,1000,42124.457855
445.693471,92,42125.84481
379.807746,79,42127.041128
456.516461,93,42128.439352
12165.719832,1000,42143.386575
212.566454,45,42144.057026
324.872357,71,42145.126323
224.998745,48,42145.845043
189.088164,41,42146.460231
212.66254,49,42147.195961
214.658617,48,42147.923404
222.536233,49,42148.651956
222.360824,52,42149.427761
353.157062,68,42150.446747
276.457435,60,42151.338388
305.944126,68,42152.370949
386.326687,80,42153.565904
276.692526,61,42154.47821
237.292462,52,42155.248229
273.06869,58,42156.124787
251.248679,53,42156.940544
492.145023,108,42158.554581
183.802193,38,42159.119036
376.280024,68,42160.172993
210.726838,48,42160.88642
430.355167,95,42162.314615
268.507114,54,42163.125564
172.395209,37,42163.672847
239.387493,52,42164.459458
285.95556,60,42165.367395
505.588385,100,42166.878464
250.212226,55,42167.704342
305.034269,59,42168.590935
585.783636,97,42170.054665
305.65728,57,42170.904887
261.974378,51,42171.665175
225.131666,49,42172.405145
301.39404,59,42173.289117
505.762809,101,42174.793466
502.869537,94,42176.214903
11155.548075,1000,42191.899995
147.239481,28,42192.318325
551.20786,89,42193.645672
412.528371,67,42194.65648
435.503158,78,42195.827225
12439.740606,1000,42210.782686
447.372813,92,42212.152455
378.719596,71,42213.225744
432.724446,88,42214.545634
571.747152,120,42216.350922
234.958709,45,42217.02898
12141.736049,1000,42232.028883
427.595394,80,42233.23656
12440.460051,1000,42248.200995
12015.318125,1000,42263.149902
12285.447318,1000,42278.078633
12184.418721,1000,42293.079079
697.332991,131,42295.040643
442.893478,90,42296.390535
314.567378,62,42297.316504
498.62789,109,42298.967961
161.565411,32,42299.438713
504.173677,96,42300.860404
468.106083,91,42302.221941
267.786496,55,42303.041891
412.175673,79,42304.230259
310.175897,71,42305.293445
321.205029,60,42306.190109
230.221162,52,42306.965919
401.930901,83,42308.226679
134.095503,26,42308.62437
131.649772,26,42309.020982
127.921912,25,42309.395929
127.417194,25,42309.772521
382.057836,82,42311.011546
128.333192,25,42311.384929
126.106273,25,42311.757849
115.683368,23,42312.096875
139.132684,27,42312.499739
133.444005,26,42312.880106
121.172978,24,42313.254169
126.590159,25,42313.626112
503.489586,93,42315.022365
347.736661,69,42316.061383
315.077065,65,42317.034616
127.764439,25,42317.409249
384.786222,73,42318.504581
183.894088,35,42319.038619
143.640096,28,42319.461406
387.260925,77,42320.606791
153.459383,29,42321.048838
139.927605,27,42321.451112
139.660804,28,42321.864403
130.800557,26,42322.264747
135.614053,27,42322.670419
212.5366,40,42323.262009
327.401573,70,42324.318625
132.387453,26,42324.700959
158.331427,30,42325.149257
147.070427,29,42325.587627
689.3277,105,42327.154219
143.767225,29,42327.592494
332.05582,71,42328.654877
137.085205,27,42329.058392
145.090022,29,42329.491683
131.49511,25,42329.864109
345.329897,74,42330.972384
339.422894,67,42331.974983
367.419043,74,42333.08302
922.957165,173,42335.680375
147.996989,28,42336.116218
151.056867,29,42336.548469
147.270966,28,42336.967545
12585.386381,1000,42351.919227
458.451488,78,42353.083078
574.769489,97,42354.539335
601.961312,104,42356.101301
558.201435,98,42357.57019
484.497515,102,42359.096551
686.836027,116,42360.829277
332.883433,60,42361.742759
581.550064,103,42363.280347
649.30486,127,42365.179244
484.130002,94,42366.600844
481.914251,86,42367.905778
488.188651,84,42369.165745
460.768222,82,42370.384054
651.673069,114,42372.102365
467.808481,85,42373.379322
340.009261,62,42374.298889
777.662088,131,42376.280439
381.926016,77,42377.437032
460.749388,95,42378.860688
616.633056,114,42380.566906
12450.836074,1000,42395.511269
905.884566,145,42397.697812
882.211067,137,42399.744449
12814.224811,1000,42414.713782
12719.138682,1000,42429.654806
12757.696268,1000,42444.564579
12735.533927,1000,42459.514246
12742.403394,1000,42474.481247
12541.632553,1000,42489.425607
12573.411264,1000,42504.353492
12544.196989,1000,42519.256641
12689.889988,1000,42534.223642
12741.45476,1000,42549.136359
750.98664,122,42550.954659
525.024034,86,42552.239622
199.644697,37,42552.794572
1112.248635,182,42555.53608
316.347624,57,42556.392804
616.32758,98,42557.875338
769.715047,136,42559.918986
343.065733,63,42560.862057
12711.177137,1000,42575.834546
383.490513,78,42577.013862
534.108871,107,42578.625842
630.058569,117,42580.381388
678.626658,130,42582.334297
245.532719,48,42583.070627
12228.077625,1000,42598.059286
358.0109,65,42599.040998
931.562224,132,42601.01583
12458.385259,1000,42615.981865
409.846757,73,42617.087691
258.985315,49,42617.826297
478.166905,95,42619.24345
178.356543,34,42619.751698
1120.639513,166,42622.259912
336.424181,58,42623.135752
304.981651,54,42623.941512
479.670472,77,42625.095837
996.977688,136,42627.135413
392.649049,76,42628.274676
530.355398,98,42629.735564
423.07785,87,42631.05689
12162.52484,1000,42646.014128
439.605633,86,42647.307225
437.842212,101,42648.852151
688.362648,118,42650.644656
288.265951,66,42651.647211
749.358181,156,42653.981876
322.960484,70,42655.030168
407.889499,88,42656.350163
529.691237,108,42657.971691
509.689028,100,42659.473326
337.16927,65,42660.450024
898.701464,132,42662.429905
482.466452,92,42663.806481
12319.517474,1000,42678.808149
12406.386495,1000,42693.755964
12569.772052,1000,42708.71564
1159.669158,158,42711.116007
12420.115081,1000,42726.082183
289.59297,52,42726.880425
301.947396,54,42727.699714
12181.133581,1000,42742.626658
12410.051807,1000,42757.604128
982.227411,145,42759.770751
12525.013258,1000,42774.805455
375.576903,64,42775.772329
336.546096,59,42776.659289
6021.968583,543,42784.784721
12514.168911,1000,42799.770638
759.424191,116,42801.513645
12355.250303,1000,42816.467271
464.84045,77,42817.613241
546.989195,104,42819.180842
627.166688,93,42820.565828
12427.78324,1000,42835.56579
415.934693,74,42836.674093
11840.518776,1000,42851.664795
487.083354,85,42852.936017
12429.802261,1000,42867.902439
308.542356,59,42868.776086
12406.731829,1000,42883.670614
298.316091,54,42884.475354
801.641885,154,42886.773706
502.279184,93,42888.173652
365.056352,64,42889.136823
509.627469,94,42890.55187
367.928385,69,42891.59339
1049.759178,151,42893.877658
477.514727,83,42895.106726
319.986057,60,42896.007325
1073.924186,186,42898.789763
718.952382,118,42900.557259
262.956307,52,42901.334072
632.032753,103,42902.863537
471.103277,82,42904.099566
469.450418,84,42905.361515
375.052222,66,42906.362833
12419.168244,1000,42921.300135
330.359061,65,42922.272746
531.698132,97,42923.715378
430.396653,80,42924.908737
12157.862,1000,42939.826386
12316.645894,1000,42954.770675
796.617692,127,42956.665096
9713.306238,803,42968.658415
432.946716,69,42969.688287
552.130759,96,42971.116874
602.921176,108,42972.720638
533.43625,93,42974.114752
388.450977,68,42975.129245
692.496477,118,42976.876462
435.509492,84,42978.138711
283.634546,56,42978.968001
11502.025965,1000,42993.895055
238.363839,49,42994.637079
459.776484,85,42995.910176
223.644148,50,42996.658289
397.470778,90,42998.010585
830.220356,148,43000.222722
12324.580778,1000,43015.124769
521.961589,89,43016.444775
817.48693,131,43018.404904
1387.025699,195,43021.301299
549.872968,102,43022.817803
642.996514,110,43024.477709
342.600722,65,43025.447727
325.936265,62,43026.391
248.686229,48,43027.101943
348.597377,69,43028.124272
237.476173,49,43028.864161
253.831812,49,43029.595187
297.228087,58,43030.475183
291.315688,57,43031.323324
338.766731,66,43032.311742
314.657955,61,43033.234001
288.843662,60,43034.13484
276.006881,54,43034.942353
275.355131,54,43035.758928
253.700707,49,43036.493845
323.054684,62,43037.42753
336.200549,68,43038.4438
270.098497,54,43039.253094
301.177532,62,43040.18215
313.59349,68,43041.211941
403.006294,79,43042.398295
419.995918,84,43043.648532
383.368605,75,43044.774404
364.457801,70,43045.830296
331.81204,65,43046.805991
756.50603,128,43048.716658
384.504223,77,43049.867983
447.517143,89,43051.194947
704.398985,130,43053.139828
448.31628,82,43054.36476
870.413001,139,43056.44904
12015.797099,1000,43071.347421
363.425471,69,43072.385698
1397.607399,222,43075.717086
959.19317,183,43078.426389
449.677375,105,43080.00371
311.066103,71,43081.061009
12367.363367,1000,43095.986733
252.658073,45,43096.649694
334.309611,58,43097.521291
471.840969,74,43098.64453
441.298663,75,43099.776155
764.333786,112,43101.44281
611.753228,97,43102.887705
443.355651,74,43104.00532
12358.826769,1000,43118.870613
573.784037,96,43120.295327
12451.217691,1000,43135.185061
679.284284,113,43136.90243
1008.138587,149,43139.134475
12367.597623,1000,43154.06901
12639.572453,1000,43168.99658
12596.335879,1000,43183.916658
258.110451,46,43184.599245
505.407,79,43185.779235
357.169376,61,43186.680801
12773.511512,1000,43201.66444
834.597556,127,43203.568357
341.556242,55,43204.388065
499.843641,78,43205.567253
245.813486,44,43206.230956
12635.218619,1000,43221.163678
12536.240473,1000,43236.12109
1361.138946,211,43239.281893
12511.903867,1000,43254.214624
483.841625,86,43255.504529
335.258695,61,43256.411127
621.297901,112,43258.086998
315.510093,63,43259.068963
624.496371,134,43261.084344
373.539895,65,43262.063679
489.239922,98,43263.525901
174.593005,33,43264.024827
184.383599,36,43264.558352
529.921409,98,43266.063276
400.53684,72,43267.141602
12178.262579,1000,43282.081258
378.187869,64,43283.041734
416.759902,74,43284.151021
352.914234,64,43285.112782
488.042226,81,43286.329655
12101.691005,1000,43301.272401
751.16524,111,43302.929459
525.36114,85,43304.197828
517.103993,90,43305.544014
656.699927,110,43307.180593
631.159684,105,43308.757249
770.758433,148,43310.983084
378.910783,69,43312.010428
529.03568,90,43313.356295
12163.158436,1000,43328.337755
12903.454154,1000,43343.259469
1436.878269,169,43345.787321
12817.258487,1000,43360.70503
491.978394,100,43362.20472
268.349537,60,43363.103282
695.936844,120,43364.909853
511.101286,107,43366.521317
626.548864,109,43368.147319
406.930374,88,43369.471364
810.157456,169,43372.025506
734.917672,142,43374.156089
410.962841,76,43375.296706
1417.531248,191,43378.155932
12527.087311,1000,43393.121959
488.158296,78,43394.286963
12532.425169,1000,43409.254592
458.458451,83,43410.506629
12424.229869,1000,43425.437208
441.719868,73,43426.529739
338.714646,57,43427.387142
603.610499,102,43428.910059
315.460401,56,43429.751992
577.857454,100,43431.268576
12283.448785,1000,43446.286037
337.295858,62,43447.215174
775.261504,121,43449.017221
360.352511,68,43450.034514
723.455081,120,43451.83375
12480.056935,1000,43466.782908
486.655674,101,43468.300353
638.031898,105,43469.870308
363.676979,64,43470.828631
474.408469,77,43471.976199
348.360047,60,43472.872543
689.835552,131,43474.833508
628.069522,92,43476.217736
419.430528,83,43477.453319
286.507452,56,43478.292972
12480.781437,1000,43493.237394
153.274445,28,43493.664692
12721.591093,1000,43508.673857
12523.452908,1000,43523.619004
12590.156015,1000,43538.506127
12776.148932,1000,43553.417106
12735.949006,1000,43568.389667
12708.653439,1000,43583.305461
754.09619,109,43584.921473
12307.4411,1000,43599.839797
261.951118,50,43600.586485
673.669291,127,43602.497352
604.159495,98,43603.951279
602.094856,120,43605.748284
551.8644,94,43607.148243
12458.723822,1000,43622.055519
524.76874,92,43623.432098
385.514539,63,43624.394151
396.414762,74,43625.54977
12110.548588,1000,43640.480975
12191.603786,1000,43655.4041
469.500187,79,43656.589033
271.518557,57,43657.4457
215.596841,43,43658.090632
419.805555,80,43659.285552
286.755707,59,43660.167161
348.66343,75,43661.293097
535.283789,104,43662.847122
375.145135,81,43664.057052
704.027941,147,43666.279269
378.214092,80,43667.473955
444.955602,97,43668.931866
437.768651,101,43670.452498
416.851011,82,43671.686049
502.308911,96,43673.113404
1204.596631,194,43676.015293
498.796098,108,43677.63279
263.856964,58,43678.499448
710.455224,132,43680.468762
632.92946,108,43682.086473
449.130921,89,43683.436219
12160.203574,1000,43698.362904
353.379023,68,43699.378048
368.543038,70,43700.432363
366.168299,73,43701.525504
356.91857,70,43702.569698
618.890503,113,43704.256184
457.729022,103,43705.80213
392.768714,84,43707.051893
12107.368364,1000,43722.015561
11900.628606,1000,43736.910819
241.978034,52,43737.697219
499.210593,102,43739.21885
12062.182703,1000,43754.226508
591.471804,102,43755.753168
695.984346,116,43757.489704
12403.6613,1000,43772.411727
352.142292,69,43773.44607
484.991381,87,43774.734002
566.368469,114,43776.442239
220.56964,44,43777.097179
543.997616,106,43778.69678
1147.269575,175,43781.308696
341.830453,67,43782.315291
519.198258,91,43783.675915
698.515287,118,43785.45514
12331.154742,1000,43800.372856
12433.756712,1000,43815.351354
391.687928,75,43816.476548
492.356259,82,43817.703776
892.498577,129,43819.643817
1721.410444,213,43822.837877
261.411463,52,43823.623549
12053.034746,1000,43838.586228
156.911932,31,43839.05048
11848.197337,1000,43853.992238
140.039863,29,43854.420528
152.055928,30,43854.872567
175.912301,33,43855.363167
12470.891961,1000,43870.363216
364.077274,65,43871.336485
12294.316476,1000,43886.29419
12350.499202,1000,43901.274889
759.951932,121,43903.081094
12850.766353,1000,43918.018982
12883.592129,1000,43933.06305
1165.08055,153,43935.356473
12882.62922,1000,43950.329795
12508.806341,1000,43965.309112
12785.082431,1000,43980.268558
12808.666804,1000,43995.281214
12780.002143,1000,44010.278297
12939.890538,1000,44025.226467
12776.987389,1000,44040.169081
12584.521612,1000,44055.157035
449.77824,84,44056.416619
616.632257,107,44058.017902
488.913644,100,44059.518077
431.500739,92,44060.895078
316.777758,72,44061.973477
358.307452,82,44063.204056
306.926001,68,44064.236584
11873.467422,1000,44079.178007
430.513855,82,44080.400872
615.695909,111,44082.052576
255.367255,56,44082.89414
199.104123,43,44083.537398
333.166925,69,44084.575083
233.012611,47,44085.272395
398.633254,88,44086.602323
381.513201,86,44087.8889
310.993534,64,44088.857214
2619.066494,363,44094.31239
437.75034,95,44095.725359
416.78711,81,44096.927944
12640.471037,1000,44111.857898
831.49221,126,44113.77781
794.937624,124,44115.631106
12375.493983,1000,44130.57041
12468.617024,1000,44145.467478
999.134846,165,44147.936213
747.202444,111,44149.596282
11601.366953,1000,44164.520703
435.955293,73,44165.604048
597.736906,106,44167.182212
11582.690029,1000,44182.114912
1376.548051,188,44184.916411
363.714065,62,44185.837337
12385.789822,1000,44200.755706
12609.131771,1000,44215.647739
420.517045,74,44216.750111
284.833062,57,44217.611686
486.240314,96,44219.043314
951.102153,156,44221.350711
467.407243,91,44222.731443
2644.321085,343,44227.850562
380.21104,73,44228.933994
630.700339,92,44230.309443
504.961997,90,44231.66209
650.456422,139,44233.734004
1015.560882,195,44236.677594
752.741317,157,44239.039784
385.492709,65,44240.005547
561.431702,95,44241.434008
12417.365661,1000,44256.338335
444.023603,88,44257.649644
458.800025,98,44259.108065
12184.692006,1000,44273.990706
637.712371,110,44275.63758
597.555533,100,44277.121435
667.411209,126,44279.002395
484.229193,95,44280.429063
11726.238546,1000,44295.370022
203.031985,42,44295.998095
739.9337,142,44298.169897
351.346327,71,44299.243211
402.910817,78,44300.413539
593.629138,116,44302.157788
865.946762,175,44304.774669
206.130081,43,44305.414675
243.126618,52,44306.196207
11370.832534,1000,44321.121668
11607.590352,1000,44335.993394
1585.542738,239,44339.561513
777.973815,173,44342.166336
258.658319,49,44342.902011
12124.043392,1000,44357.828431
800.883529,144,44359.995018
361.622673,72,44361.074008
423.719585,77,44362.237145
12082.420445,1000,44377.159511
431.953134,68,44378.185641
419.208944,75,44379.306663
380.041285,64,44380.260615
565.983721,93,44381.651062
655.829523,132,44383.615658
415.231934,65,44384.598982
693.609979,113,44386.291133
12771.903007,1000,44401.210522
599.409808,101,44402.723064
567.275619,96,44404.15706
538.51641,85,44405.442027
596.927549,105,44407.019641
563.513022,97,44408.465227
890.175967,148,44410.68044
578.397758,93,44412.053437
340.300282,62,44412.984742
418.515058,72,44414.060877
355.225641,68,44415.079913
353.589091,71,44416.14822
602.145463,104,44417.717152
12501.367096,1000,44432.670823
681.901981,110,44434.313309
299.790904,54,44435.121809
1011.173237,155,44437.447894
417.202605,75,44438.568501
515.418278,89,44439.895516
440.578959,84,44441.157598
686.228911,112,44442.827047
403.816702,71,44443.887
371.723718,66,44444.873644
411.681334,72,44445.958616
400.69595,71,44447.025389
383.784089,69,44448.067961
565.332401,98,44449.540196
616.163879,101,44451.057019
527.384689,99,44452.546419
419.750177,82,44453.766652
505.626007,89,44455.112373
454.02286,76,44456.251468
796.48032,123,44458.086382
434.145657,80,44459.284669
446.483241,78,44460.458035
434.806402,74,44461.586286
551.050532,96,44463.024154
545.290514,90,44464.362801
12314.646382,1000,44479.362371
12434.559047,1000,44494.327311
11998.60661,1000,44509.284213
221.645781,40,44509.879171
443.815084,71,44510.947744
12195.043522,1000,44525.947924
521.264366,89,44527.28247
361.80567,72,44528.361713
463.382584,88,44529.674987
607.28334,104,44531.237355
807.145864,160,44533.644933
202.511105,39,44534.219896
279.14001,53,44535.020801
197.640454,39,44535.604772
272.61971,49,44536.349941
457.319974,82,44537.599955
273.79434,49,44538.331367
447.505668,72,44539.404638
398.317202,83,44540.683908
548.004222,100,44542.20269
699.118001,112,44543.874393
12211.584937,1000,44558.818817
522.839221,100,44560.317378
389.20887,74,44561.423627
519.054738,83,44562.680293
363.193112,63,44563.6368
301.968529,58,44564.504389
528.960112,96,44565.952408
1571.718108,257,44569.807631
345.15709,66,44570.795849
264.630129,54,44571.601597
272.841186,52,44572.378148
937.663326,152,44574.649762
275.382379,64,44575.616343
275.119836,60,44576.513918
658.615887,128,44578.432911
330.357381,72,44579.506283
1555.990788,236,44583.064365
524.259499,103,44584.601038
297.953921,58,44585.467586
718.297874,115,44587.190996
12817.465282,1000,44602.155268
12828.600374,1000,44617.077327
12692.886934,1000,44632.004909
12736.981821,1000,44646.929965
202.157606,46,44647.625504
270.39439,60,44648.51666
435.957233,96,44649.948164
247.639336,55,44650.774358
240.844865,50,44651.52219
467.28482,101,44653.041018
299.461875,66,44654.026405
210.149088,47,44654.72462
257.063881,57,44655.576267
273.25287,62,44656.512495
373.003319,82,44657.765458
330.319417,73,44658.866114
569.891726,125,44660.744373
228.890244,49,44661.479926
210.268797,48,44662.203555
233.285215,51,44663.000977
219.062991,50,44663.752972
318.601712,70,44664.803684
346.89402,78,44665.967779
560.739622,110,44667.619979
532.344967,117,44669.395005
12171.37782,1000,44684.330517
892.852921,144,44686.502028
558.988788,113,44688.193247
512.551835,108,44689.811447
454.78558,93,44691.20139
12886.984888,1000,44706.14243
12797.330222,1000,44721.092856
12886.389735,1000,44736.046533
12792.590911,1000,44750.972069
12882.085303,1000,44765.905555
12879.129532,1000,44780.814696
12831.223928,1000,44795.741919
482.090766,88,44797.064637
244.489233,49,44797.791876
12564.258619,1000,44812.677336
371.336618,61,44813.591534
363.919733,72,44814.66754
180.251971,34,44815.175548
367.468426,59,44816.059315
12699.827002,1000,44831.001428
440.123607,85,44832.280349
12795.794612,1000,44847.249178
605.54695,112,44848.92135
510.024792,90,44850.2728
278.131342,54,44851.073139
867.042305,149,44853.302052
12461.627842,1000,44868.208836
587.429308,98,44869.680499
12379.115875,1000,44884.595384
511.71628,95,44886.035079
807.395483,118,44887.794712
12684.824187,1000,44902.749736
12384.588543,1000,44918.449068
12710.430501,1000,44934.254469
12812.110119,1000,44949.570369
415.672558,74,44950.679668
12360.668307,1000,44965.618923
519.591417,88,44966.937258
557.634608,104,44968.540335
612.040741,102,44970.07843
426.735119,79,44971.252039
1161.134932,176,44973.894658
970.190196,180,44976.596
727.123957,134,44978.635687
12470.657299,1000,44993.561059
12509.108316,1000,45008.533797
347.532161,60,45009.436233
444.474592,73,45010.530472
456.839513,75,45011.647714
301.677149,55,45012.47933
729.223539,117,45014.232625
1225.076082,198,45017.205892
451.241826,73,45018.304479
575.270343,91,45019.657324
704.108484,114,45021.365627
723.868671,123,45023.198518
12498.800399,1000,45038.148299
481.995291,83,45039.399817
637.382595,110,45041.041229
463.798339,80,45042.241756
345.869181,60,45043.131363
12276.571579,1000,45058.059921
731.610394,121,45059.882254
790.246698,129,45061.824853
378.743233,67,45062.832178
418.638128,72,45063.911639
12587.755801,1000,45078.889788
376.694191,72,45079.968101
419.045323,81,45081.188871
361.482999,63,45082.156544
12465.832344,1000,45097.182434
12630.07507,1000,45112.179984
12454.319456,1000,45127.154747
12442.76467,1000,45142.173109
333.594569,66,45143.161768
320.17208,61,45144.081321
207.407977,40,45144.676869
857.298995,123,45146.515639
546.302117,99,45147.99947
11937.160525,1000,45163.022954
184.564586,36,45163.557895
477.48878,96,45164.991168
237.809905,47,45165.694486
399.029765,78,45166.876439
352.120005,67,45167.876075
368.443257,72,45168.969359
267.379645,52,45169.754798
791.82491,138,45171.826621
416.87754,80,45173.030093
506.031629,90,45174.390818
353.085861,64,45175.352332
464.180674,84,45176.618316
547.544191,113,45178.314988
11961.761476,1000,45194.365782
677.394088,129,45196.297322
427.550647,78,45197.47643
516.123796,95,45198.923553
845.144201,150,45201.166476
579.156259,103,45202.712168
948.088916,143,45204.877164
263.788636,49,45205.618734
318.108163,55,45206.441024
203.915921,37,45206.999302
12536.885397,1000,45222.025433
12692.717685,1000,45237.02408
12539.437339,1000,45252.045545
464.651323,100,45253.552355
11948.406699,1000,45268.553006
459.926726,92,45269.939942
12282.576637,1000,45284.998754
687.601954,126,45286.889272
946.888249,178,45289.579195
319.484109,69,45290.612544
686.945256,140,45292.727346
443.433181,101,45294.243939
11683.801264,1000,45309.270312
562.048982,126,45311.158283
865.562352,151,45313.712734
11711.305633,1000,45328.675834
300.949204,59,45329.567473
346.28833,65,45330.53573
585.818398,103,45332.0917
292.358326,56,45332.932374
396.929949,72,45334.02444
427.324312,76,45335.185521
314.699744,62,45336.118752
12461.417228,1000,45351.116907
409.130684,78,45352.291485
579.295363,102,45353.82306
635.562475,120,45355.636381
407.819154,75,45356.7646
390.85708,74,45357.887147
480.17066,79,45359.081457
433.148689,95,45360.519457
376.60341,83,45361.764544
426.1491,86,45363.083821
360.181824,74,45364.207688
521.014192,93,45365.60629
552.18128,102,45367.135922
354.963852,79,45368.328753
452.250887,94,45369.755717
777.077993,135,45371.785664
419.335644,92,45373.176934
775.49691,155,45375.51383
341.489219,70,45376.572089
12246.869492,1000,45391.536227
12325.714002,1000,45406.470782
299.150821,53,45407.266639
462.725135,92,45408.652209
328.401008,59,45409.543419
239.127267,42,45410.162378
235.54281,41,45410.774024
276.136398,47,45411.474888
378.791609,64,45412.435617
1342.905227,215,45415.650441
690.743544,115,45417.367698
710.664029,114,45419.071223
182.020212,36,45419.621334
503.705707,78,45420.789879
361.061044,64,45421.741786
209.175341,37,45422.295107
554.62757,112,45423.995052
150.672882,29,45424.429349
420.570982,75,45425.546623
227.990494,45,45426.22037
212.428855,41,45426.82159
600.279062,104,45428.378214
258.502101,48,45429.093837
189.094085,37,45429.638234
752.813136,116,45431.38639
604.626795,102,45432.913006
761.865601,116,45434.637923
681.124243,101,45436.147952
536.753799,94,45437.546513
742.769535,141,45439.660244
446.528779,80,45440.867042
722.719707,121,45442.674246
551.230919,97,45444.120344
615.107745,113,45445.802447
12011.180453,1000,45460.763507
659.024704,110,45462.401826
342.093811,60,45463.297739
350.887821,58,45464.161688
680.283282,116,45465.895873
537.658951,102,45467.428844
625.178818,126,45469.313077
12131.814101,1000,45484.252143
752.503187,146,45486.429091
234.561102,49,45487.171759
288.160073,57,45488.030321
271.906513,50,45488.778545
412.282613,79,45489.956577
257.509011,49,45490.687905
241.559936,50,45491.437153
12065.933722,1000,45506.368204
255.382605,49,45507.106473
12380.798271,1000,45522.054857
919.918161,162,45524.467422
12288.839079,1000,45539.373677
578.970423,95,45540.810079
921.734902,176,45543.455775
453.782641,80,45544.6492
1195.653785,188,45547.45642
274.593179,52,45548.227257
507.525397,93,45549.623126
359.413954,66,45550.612281
297.865635,56,45551.446369
308.790905,61,45552.366941
621.052317,100,45553.858914
299.236288,55,45554.68611
386.621478,77,45555.839392
335.178461,59,45556.721025
517.225201,117,45558.474397
801.868125,140,45560.570299
667.857168,113,45562.269123
224.617019,42,45562.894143
369.250217,67,45563.887366
237.357764,47,45564.586713
815.202204,142,45566.703915
12582.166259,1000,45581.673293
12610.685887,1000,45596.576126
12263.340369,1000,45611.484668
12940.386857,1000,45626.379817
12770.414701,1000,45641.352427
12722.699321,1000,45656.291933
12462.517073,1000,45671.245878
12549.064457,1000,45686.138859
12402.564298,1000,45701.103286
237.997568,45,45701.783922
252.799155,48,45702.508098
12570.055801,1000,45717.442536
643.588559,111,45719.105756
947.86679,136,45721.140788
1222.067772,183,45723.894217
853.642896,126,45725.787189
344.287678,61,45726.702872
242.206987,46,45727.396732
12469.540297,1000,45742.374788
675.387406,116,45744.113067
325.795854,63,45745.068058
423.518596,84,45746.333538
12537.743382,1000,45761.307034
12259.232858,1000,45776.300036
12521.888474,1000,45791.250983
11896.002458,1000,45806.205406
12115.49233,1000,45821.171355
12478.23824,1000,45836.182381
529.762997,104,45837.732408
489.38166,92,45839.108311
376.419638,69,45840.155588
533.612241,112,45841.851488
1277.388609,174,45844.454417
12124.872265,1000,45859.418062
224.229875,41,45860.039039
12722.969193,1000,45874.995785
986.001113,164,45877.458967
483.550831,90,45878.808869
352.696053,71,45879.882249
399.793335,72,45880.965491
303.914548,63,45881.912095
421.202294,75,45883.039787
12374.700232,1000,45898.021079
419.7015,74,45899.135101
12508.244607,1000,45914.119037
12662.757742,1000,45929.071552
360.740965,70,45930.120057
484.44234,83,45931.361637
628.960292,103,45932.91666
488.375747,105,45934.482654
694.199917,126,45936.376481
648.360295,105,45937.954075
270.805401,55,45938.774713
407.458369,83,45940.020262
708.752908,136,45942.060472
862.541154,135,45944.07609
380.727688,77,45945.269469
315.118178,67,45946.279502
403.587804,81,45947.50428
1384.612049,312,45952.192436
386.596271,80,45953.397376
333.019641,68,45954.419966
348.139734,74,45955.526084
351.872791,72,45956.6058
323.899039,68,45957.63385
355.30259,72,45958.702219
412.985292,85,45959.977076
317.730368,66,45960.970375
282.667099,54,45961.799421
268.210451,54,45962.607052
390.094027,85,45963.876942
507.971564,102,45965.398545
766.817325,143,45967.547248
409.717513,83,45968.793361
544.776765,95,45970.214383
364.075533,74,45971.329314
470.747661,87,45972.636315
12324.014349,1000,45987.596321
383.548498,74,45988.697534
503.515568,85,45989.979552
422.613742,74,45991.105831
12364.208388,1000,46006.048486
432.963975,80,46007.261112
889.932721,164,46009.723397
668.479936,142,46011.87323
444.060886,78,46013.050828
257.570694,43,46013.690157
12603.892718,1000,46028.616812
367.413534,72,46029.689827
340.470884,56,46030.515771
667.1409,141,46032.6408
266.321957,46,46033.32564
1082.173436,165,46035.786526
12277.764454,1000,46050.712534
12088.251646,1000,46065.607603
91.945535,19,46065.895907
91.460762,19,46066.176967
92.318743,19,46066.469203
86.964306,18,46066.752157
87.318545,18,46067.038535
98.852256,20,46067.345688
98.666286,20,46067.642474
86.888466,18,46067.923378
93.085413,19,46068.202465
87.161938,18,46068.474187
95.824744,20,46068.767495
93.600857,19,46069.04915
110.141143,23,46069.390791
103.769441,21,46069.70416
86.564359,18,46069.973401
436.445118,99,46071.481653
503.113407,105,46073.053943
99.337251,20,46073.365636
12617.061999,1000,46088.250052
12314.890563,1000,46103.171118
12665.045258,1000,46118.091771
12490.177542,1000,46133.032431
12682.028004,1000,46147.975761
325.79441,57,46148.828942
513.383727,89,46150.152338
346.238422,66,46151.145611
547.542234,96,46152.601259
501.749197,84,46153.850453
505.072593,86,46155.133465
585.162569,87,46156.43535
12196.164157,1000,46171.349434
458.164034,90,46172.687991
731.324745,125,46174.552905
791.288181,175,46177.172287
514.044608,82,46178.398275
405.011813,74,46179.519446
459.018129,76,46180.667461
12515.665033,1000,46195.621739
327.650972,60,46196.505312
12465.47671,1000,46211.440049
735.183447,116,46213.180234
651.180656,113,46214.861196
578.182199,99,46216.337844
386.412887,73,46217.431167
637.290165,108,46219.064414
488.324952,89,46220.399319
456.30201,75,46221.523976
685.020918,121,46223.333762
12145.481262,1000,46238.265052
375.925122,72,46239.339155
406.795243,88,46240.65275
455.499298,87,46241.957701
167.027981,33,46242.451654
362.570401,70,46243.502001
293.422879,65,46244.475921
613.445048,106,46246.089507
280.805613,61,46246.996481
478.972337,84,46248.257021
652.447217,125,46250.144699
612.403483,105,46251.726294
248.410649,55,46252.547045
304.540362,57,46253.394604
443.43047,85,46254.669523
724.431438,159,46257.043707
240.898771,57,46257.892888
416.381951,90,46259.258215
12571.276097,1000,46274.168669
11450.691177,1000,46289.091553
266.478411,47,46289.783046
657.52229,132,46291.759642
12550.121334,1000,46306.660448
423.748141,85,46307.938776
604.400121,106,46309.519933
414.032026,82,46310.738139
635.628433,114,46312.486807
399.191639,78,46313.667611
1614.405165,237,46317.191915
734.75645,122,46319.016761
487.58323,102,46320.565483
421.507036,84,46321.821593
372.598663,76,46322.960829
1053.894458,212,46326.118038
369.688926,67,46327.111403
701.517859,117,46328.873044
12246.139266,1000,46343.812318
461.54765,87,46345.126636
436.913467,83,46346.366297
615.588596,119,46348.140439
662.084777,124,46349.988759
12114.170996,1000,46364.928069
11472.543047,1000,46379.953178
550.074215,97,46381.435071
1050.272018,176,46384.06862
555.99366,100,46385.573867
629.662616,116,46387.325571
12643.693609,1000,46402.314793
12823.569218,1000,46417.264799
12795.700547,1000,46432.22926
12901.039284,1000,46447.250302
12899.807152,1000,46462.215629
521.574336,85,46463.487127
411.87023,76,46464.618823
699.532173,126,46466.520738
755.055659,113,46468.211591
246.243427,44,46468.867025
460.722016,84,46470.140235
736.653532,117,46471.904615
416.441335,66,46472.903394
12495.213968,1000,46487.883889
740.698163,105,46489.453667
12499.589874,1000,46504.480513
224.246801,42,46505.119416
215.010316,40,46505.719851
275.542728,56,46506.560336
373.527506,72,46507.628705
665.731377,111,46509.305211
502.306153,90,46510.651843
418.967701,75,46511.774404
932.060685,138,46513.840926
270.993454,47,46514.541711
12057.399626,1000,46529.518576
12189.903418,1000,46544.517082
12760.338016,1000,46559.505539
12731.576866,1000,46574.476794
12299.404518,1000,46589.450179
604.614959,97,46590.916013
622.255501,105,46592.483396
270.623972,53,46593.285053
234.746159,45,46593.965732
12455.880851,1000,46608.920447
202.398801,40,46609.520941
290.303444,54,46610.322572
385.772874,70,46611.3692
762.113199,133,46613.368421
12530.242605,1000,46628.363474
432.607294,72,46629.446842
452.725432,81,46630.65171
12197.832802,1000,46645.599423
260.680929,57,46646.451044
249.573314,49,46647.186038
12426.13154,1000,46662.079715
379.048935,68,46663.097011
11945.737022,1000,46678.061459
572.162619,104,46679.613017
297.338643,60,46680.543254
12284.286448,1000,46695.499039
495.041364,87,46696.794271
11840.908125,1000,46711.74336
240.603031,51,46712.514855
396.483184,88,46713.833565
565.568754,100,46715.324765
250.725712,50,46716.071391
618.603815,117,46717.81991
715.880092,135,46719.844626
250.969938,55,46720.670514
869.964617,179,46723.36033
440.477747,83,46724.599117
379.491539,82,46725.845774
12212.41948,1000,46740.818441
242.206454,50,46741.561941
12411.137698,1000,46756.55099
941.049713,132,46758.53126
128.830031,25,46758.903657
155.780293,29,46759.337471
635.731365,104,46760.906505
382.921567,61,46761.821131
737.952033,111,46763.481652
885.380987,130,46765.413748
188.657491,39,46766.009329
271.363143,45,46766.674293
1080.241237,161,46769.087503
11631.075186,1000,46784.108397
526.211501,110,46785.758418
422.326643,99,46787.256636
1443.419747,279,46791.428137
522.215669,108,46793.044758
491.166384,101,46794.556432
121.523071,27,46794.967735
350.821376,78,46796.135327
291.243879,65,46797.109746
12109.324115,1000,46812.108926
934.821594,130,46814.052298
567.5043,102,46815.575444
12244.411445,1000,46830.531504
438.712219,80,46831.729765
12104.379397,1000,46846.688519
387.054508,63,46847.625801
280.572699,54,46848.439028
501.239216,85,46849.702397
481.793637,78,46850.870667
524.676562,84,46852.126282
369.649642,75,46853.242187
275.669555,54,46854.070376
310.374456,61,46854.975438
910.664607,142,46857.101669
1550.01584,218,46860.40857
589.194912,127,46862.320077
490.057665,104,46863.870071
576.329974,117,46865.637467
631.174263,117,46867.388238
378.557918,72,46868.464216
431.309296,88,46869.778127
791.534024,160,46872.183083
546.336261,109,46873.809744
379.91833,79,46875.004584
748.006945,125,46876.894812
397.303081,87,46878.195143
583.713203,108,46879.811018
505.367176,101,46881.332633
521.439195,97,46882.785779
12073.851466,1000,46897.724718
12133.003761,1000,46912.69194
658.659382,108,46914.298185
340.014193,70,46915.34953
274.493833,52,46916.126786
563.982901,110,46917.791883
848.037661,127,46919.701766
353.244044,62,46920.624387
425.181999,76,46921.806315
12029.526654,1000,46936.748919
11784.73972,1000,46951.70631
931.10937,142,46953.836197
398.249023,75,46954.956184
522.10919,94,46956.36133
440.137733,89,46957.686112
526.612909,93,46959.092645
511.451071,89,46960.424414
534.659039,88,46961.743508
12475.633358,1000,46976.651746
332.977937,56,46977.486847
865.30987,135,46979.53345
12439.713314,1000,46994.471139
329.961698,63,46995.408736
344.552216,60,46996.293768
411.556265,74,46997.399356
542.032823,91,46998.777009
690.072938,116,47000.507158
349.699891,65,47001.475149
410.082771,79,47002.644868
12571.523556,1000,47017.521825
462.514404,86,47018.804342
12123.453682,1000,47033.696122
375.530142,77,47034.851485
292.057158,62,47035.776032
900.791007,135,47037.783705
11853.506283,1000,47052.71872
12822.58639,1000,47067.62964
12833.028704,1000,47082.522388
12742.109408,1000,47097.457711
12727.069973,1000,47112.378803
12854.233866,1000,47127.242752
12824.894796,1000,47142.135847
12831.149403,1000,47157.012892
375.12599,65,47157.975498
577.801013,106,47159.580702
12857.444578,1000,47174.500191
12343.722707,1000,47189.444446
498.953801,78,47190.606508
12310.872487,1000,47205.478795
12858.8649,1000,47220.377515
811.071336,143,47222.504768
494.660285,89,47223.849689
671.687785,118,47225.618914
674.56534,110,47227.286138
536.548636,99,47228.756118
12892.946329,1000,47243.652117
202.076124,37,47244.202132
12397.239155,1000,47259.100077
12560.586421,1000,47273.957551
12553.270486,1000,47288.928547
324.509399,54,47289.737723
336.32836,56,47290.573843
369.055461,60,47291.469127
382.443281,62,47292.385066
304.850838,54,47293.204974
622.861845,97,47294.668316
307.877555,54,47295.479218
636.716576,95,47296.902056
12466.739911,1000,47311.83582
12567.804175,1000,47326.776542
215.691814,49,47327.506858
1275.55841,186,47330.283432
418.96073,89,47331.61345
451.505112,103,47333.161036
979.204313,217,47336.428117
447.705874,90,47337.808805
847.402865,150,47340.049684
320.2395,66,47341.032979
298.273051,66,47342.019577
947.902688,156,47344.354887
631.113279,145,47346.534408
415.595632,86,47347.821378
453.312638,90,47349.210275
494.87022,109,47350.840848
317.915813,61,47351.749279
270.736762,57,47352.622468
409.168169,81,47353.830713
325.905354,69,47354.871132
320.527892,73,47355.96233
292.337724,68,47356.975588
232.020078,53,47357.776567
470.403106,103,47359.322178
619.127854,125,47361.187075
419.054954,95,47362.617031
211.134862,47,47363.322696
981.724856,195,47366.250192
12248.337551,1000,47381.185546
1345.105354,207,47384.292237
450.526003,89,47385.626763
667.400912,140,47387.727601
1136.616417,166,47390.21248
297.532116,60,47391.114846
449.449073,81,47392.323758
430.577514,84,47393.586197
348.344983,71,47394.645645
11055.076588,1000,47409.615031
647.94121,118,47411.402008
741.494977,130,47413.348321
614.01266,116,47415.081527
1439.813414,179,47417.764657
707.596902,132,47419.74126
12089.808724,1000,47434.685619
11576.96038,1000,47449.643419
606.188782,106,47451.234912
422.51725,75,47452.358264
186.059264,35,47452.898458
765.324613,132,47454.872439
11597.734368,1000,47469.845949
508.96408,88,47471.190832
300.865759,53,47471.987051
12475.710253,1000,47486.937413
758.625615,139,47489.021726
377.992043,73,47490.124973
12629.975304,1000,47505.06096
857.044875,141,47507.1727
232.480041,45,47507.855135
370.93094,73,47508.95877
2124.686019,285,47513.207292
653.568233,120,47514.99993
268.466735,53,47515.789789
239.54393,45,47516.472138
391.120606,72,47517.564244
741.866629,138,47519.626374
359.491349,73,47520.714512
946.535817,168,47523.235593
505.570761,104,47524.795132
12370.927265,1000,47539.821106
249.920053,46,47540.511077
12131.176434,1000,47555.425592
362.723767,62,47556.356358
12557.968998,1000,47571.300759
12098.325767,1000,47586.259112
12356.121754,1000,47601.240176
246.831838,44,47601.900356
452.886461,81,47603.108408
762.424274,130,47605.064981
461.168491,85,47606.33691
1154.163653,180,47609.034826
1488.734278,216,47612.277768
701.571654,132,47614.254663
1222.007772,190,47617.091136
12245.532007,1000,47632.059964
587.609454,119,47633.843542
12001.748263,1000,47648.810457
1223.928618,190,47651.643023
1393.990884,217,47654.964127
437.444566,85,47656.22961
595.829885,119,47658.031029
548.31414,101,47659.542648
1124.79939,160,47661.940961
595.3768,111,47663.624962
1325.502933,219,47666.904004
578.908613,104,47668.465839
11978.489446,1000,47683.407783
836.697861,148,47685.624865
12286.902956,1000,47700.577562
1160.629388,183,47703.324831
791.155293,158,47705.687311
12529.005366,1000,47720.697983
348.297304,60,47721.589995
489.694487,84,47722.851664
548.768841,99,47724.326533
1116.997559,184,47727.105247
421.202641,82,47728.336399
411.43522,76,47729.475991
456.172231,77,47730.633961
1122.985398,156,47732.96793
443.258135,82,47734.192776
418.473287,84,47735.450765
382.297234,80,47736.647005
11908.5322,1000,47751.598571
575.836769,116,47753.331821
422.035556,80,47754.533598
12353.287099,1000,47769.517971
519.592989,100,47771.014576
794.831927,162,47773.481494
512.455527,88,47774.794399
449.51954,89,47776.153276
8208.446794,776,47787.808859
12139.712945,1000,47802.778147
12328.409321,1000,47817.739213
671.520214,106,47819.331513
437.609574,68,47820.344205
12129.274636,1000,47835.263516
736.400315,114,47836.973374
12368.846348,1000,47851.956079
648.007594,106,47853.544207
12367.282488,1000,47868.498074
12327.419139,1000,47883.434112
227.886812,49,47884.177378
317.310284,56,47885.023719
482.187207,87,47886.318841
383.950861,70,47887.361287
11662.516438,1000,47902.394264
300.841989,60,47903.287195
221.738271,46,47903.986518
349.734498,66,47904.975919
320.378359,69,47905.997078
385.095291,75,47907.12795
326.428055,69,47908.158672
190.223105,41,47908.775688
536.735904,100,47910.26968
420.287684,77,47911.418571
391.638674,92,47912.793475
231.815122,52,47913.575179
796.070455,143,47915.725063
469.931934,87,47917.024956
559.197982,124,47918.874962
171.085965,36,47919.420054
332.729279,76,47920.570786
449.969222,97,47922.024735
372.061324,83,47923.264173
226.889364,49,47923.996314
245.052481,50,47924.73465
446.371036,81,47925.950622
614.109551,105,47927.531178
745.728732,148,47929.739625
201.68324,42,47930.362798
162.725086,34,47930.871027
229.393614,49,47931.592434
704.989439,127,47933.490997
872.704316,144,47935.630539
347.253877,75,47936.755775
286.742435,63,47937.69914
685.728612,134,47939.702511
302.97772,64,47940.670632
198.530153,39,47941.254149
246.631451,55,47942.067232
487.008766,104,47943.625458
472.029799,79,47944.808085
593.086074,96,47946.237279
250.484181,48,47946.948708
417.757501,78,47948.106612
322.932612,67,47949.105362
481.411325,90,47950.441164
222.880032,44,47951.116453
12330.852759,1000,47966.050647
537.190065,103,47967.603773
511.777219,92,47968.973595
409.159339,72,47970.052797
419.382164,90,47971.389643
11552.166061,1000,47986.299699
428.386905,71,47987.360614
1025.762386,150,47989.60527
729.439703,117,47991.343438
521.829976,96,47992.773351
1179.614665,209,47995.903269
134.573359,27,47996.323203
462.199917,82,47997.555757
375.252909,68,47998.568375
11860.788831,1000,48013.462468
1283.461663,243,48017.092701
404.646026,80,48018.287234
899.056904,136,48020.347705
1334.27306,199,48023.318825
654.482116,111,48024.974848
1056.74567,180,48027.663622
868.76965,143,48029.801165
839.744587,140,48031.891771
12121.072489,1000,48046.775096
353.770844,64,48047.725259
549.967669,120,48049.50443
269.748887,63,48050.441998
12356.995597,1000,48065.328638
234.922366,56,48066.170261
438.352905,84,48067.435746
453.618246,105,48069.003865
227.860988,52,48069.780134
227.268467,52,48070.555048
312.88366,74,48071.679327
237.132673,55,48072.506689
368.747297,67,48073.509097
557.064713,104,48075.069534
499.334053,87,48076.365057
674.74554,113,48078.052461
355.890103,62,48078.984754
817.73611,144,48081.156339
12061.994423,1000,48096.099105
338.403207,63,48097.039325
577.216041,86,48098.320605
104.665215,21,48098.628145
111.1742,22,48098.958779
116.083286,23,48099.300861
117.436646,23,48099.640543
738.430762,131,48101.605353
11967.031037,1000,48116.527753
540.276805,93,48117.91239
729.428504,114,48119.602935
469.33118,86,48120.882941
549.452638,95,48122.297817
413.331155,74,48123.417078
12663.947772,1000,48138.295492
12309.191398,1000,48153.232177
12599.735431,1000,48168.099949
12285.029077,1000,48186.413834
12508.774979,1000,48201.301097
12700.616875,1000,48216.218505
12670.644507,1000,48231.099831
12706.93638,1000,48246.022603
12757.383018,1000,48260.988559
468.899916,94,48262.400172
626.112092,129,48264.355217
310.335107,57,48265.231738
338.177301,64,48266.198387
436.569032,80,48267.393272
512.573003,101,48268.934635
688.677112,126,48270.834856
912.721662,188,48273.644707
646.332286,102,48275.181351
632.29679,114,48276.884586
494.555918,99,48278.376774
532.733035,96,48279.811194
340.698209,64,48280.779468
466.706204,98,48282.251149
286.581236,58,48283.117919
1057.071509,195,48286.08153
656.023437,112,48287.752448
590.954881,112,48289.426749
381.151393,74,48290.544105
1093.62744,187,48293.352521
275.013511,60,48294.247144
282.943332,60,48295.143816
500.467368,94,48296.552102
972.497937,165,48299.075959
385.160765,71,48300.134269
600.760993,120,48301.942074
11809.573034,1000,48316.874568
12843.63372,1000,48331.865677
12708.059974,1000,48346.834314
12587.428427,1000,48361.794604
12841.517492,1000,48376.737533
12785.58453,1000,48391.731292
12866.221693,1000,48406.672353
157.473652,28,48407.095676
12869.205367,1000,48422.063324
12789.256554,1000,48437.029327
353.653576,64,48437.985964
467.437763,77,48439.143284
556.883069,104,48440.695873
1553.071185,242,48444.326786
354.923661,65,48445.286567
868.392648,133,48447.276243
12574.661399,1000,48462.290883
12416.947589,1000,48477.245395
201.786398,39,48477.824265
703.483275,118,48479.628476
459.605755,76,48480.767483
545.008339,94,48482.184138
496.751243,81,48483.411745
429.918847,91,48484.767446
458.792012,101,48486.284036
504.117389,80,48487.483877
886.649584,157,48489.845068
422.67341,74,48490.955421
7823.43007,716,48501.676681
417.638688,74,48502.789748
593.284962,100,48504.288216
12622.583679,1000,48519.257679
12066.188212,1000,48534.226861
623.144148,122,48536.058121
358.794496,57,48536.904222
433.656459,76,48538.0634
384.540338,69,48539.098168
575.134615,91,48540.451644
12712.575072,1000,48555.380969
12593.142758,1000,48570.30433
12196.594238,1000,48585.188057
12467.532377,1000,48600.127543
132.645531,26,48600.517749
471.712336,87,48601.817665
290.078211,53,48602.607253
123.12496,24,48602.97248
128.097196,25,48603.345992
132.661118,26,48603.733232
104.962001,21,48604.04389
121.846046,24,48604.412568
110.467707,22,48604.740403
145.297392,28,48605.156486
246.989995,43,48605.796406
249.588779,44,48606.446277
251.139841,45,48607.120769
12466.530958,1000,48622.014853
921.560189,143,48624.146386
11591.320824,1000,48639.072464
705.391015,130,48641.017333
530.930946,82,48642.259125
854.083688,159,48644.630518
581.168643,102,48646.156203
294.883112,57,48647.008675
374.20521,68,48648.021309
847.429958,168,48650.519906
430.496116,87,48651.812718
626.543204,140,48653.90507
12056.682469,1000,48668.809999
368.526296,76,48669.943071
938.89214,155,48672.287631
341.175521,72,48673.361964
501.372568,94,48674.759781
436.900285,90,48676.103778
325.520662,65,48677.070701
359.637837,79,48678.241679
2201.20946,295,48682.635531
456.410993,94,48684.042118
402.322196,88,48685.360375
392.273658,84,48686.625362
541.636114,119,48688.409635
12043.671769,1000,48703.342291
864.546371,160,48705.727217
462.20072,86,48707.008801
414.029975,78,48708.16775
293.310774,60,48709.066057
221.906593,43,48709.709315
301.993418,63,48710.647641
12151.360791,1000,48725.573346
980.814654,177,48728.215178
363.678037,59,48729.112932
12115.184876,1000,48744.042872
839.022963,116,48745.771122
12157.528623,1000,48760.678826
12508.22467,1000,48775.572412
429.875809,79,48776.769919
539.060208,99,48778.239763
561.847855,103,48779.781323
311.669339,65,48780.747996
458.571911,78,48781.923176
613.764249,135,48783.972867
876.637687,150,48786.222611
550.850247,98,48787.704887
310.944392,56,48788.537625
678.688745,115,48790.260856
351.587952,61,48791.17146
206.560122,39,48791.755845
516.167337,86,48793.04682
12353.321214,1000,48807.980513
342.79278,74,48809.081749
11864.00342,1000,48824.036139
297.259418,56,48824.882759
663.404775,122,48826.705022
307.195982,56,48827.533442
467.361692,83,48828.770656
995.165041,171,48831.320926
530.806343,98,48832.79241
488.966275,105,48834.369648
11921.990675,1000,48849.304075
626.918965,128,48851.213235
310.382762,55,48852.068112
446.827512,94,48853.470734
840.082469,151,48855.724022
820.794617,153,48858.019335
1176.274795,193,48860.909498
581.603229,103,48862.457237
247.258749,50,48863.201995
1169.906184,198,48866.167991
516.446141,93,48867.569165
522.188578,101,48869.108208
341.124994,65,48870.090903
931.652595,151,48872.351051
621.570938,106,48873.930654
299.943237,63,48874.90911
470.614911,86,48876.203888
12220.086547,1000,48891.139899
846.058688,151,48893.406567
524.236977,92,48894.785698
598.726256,97,48896.243166
365.811003,63,48897.211305
416.926301,72,48898.302974
12373.271306,1000,48913.266412
764.765164,125,48915.150612
988.010663,165,48917.897194
386.821279,76,48919.028969
386.604942,73,48920.099529
998.940075,185,48922.848197
405.559198,69,48923.882805
838.016776,163,48926.331796
686.238617,111,48927.999367
610.403117,103,48929.548608
617.750969,95,48930.966542
855.529189,138,48933.043079
452.859345,89,48934.37979
277.389527,53,48935.171994
593.261741,118,48936.957933
536.439935,106,48938.574558
467.355899,99,48940.053177
11405.655429,1000,48955.003509
858.611988,147,48957.223187
1093.279113,164,48959.700259
12573.613802,1000,48974.659785
12635.381658,1000,48989.65406
12655.128307,1000,49004.631744
12721.126635,1000,49019.628082
12786.492747,1000,49034.570119
12774.09969,1000,49049.519417
931.020711,127,49051.419762
12841.610628,1000,49066.414468
576.989624,85,49067.686684
146.194637,27,49068.1099
140.006971,26,49068.497375
1029.890577,138,49070.558939
12666.364331,1000,49085.533196
12763.629485,1000,49100.472643
12604.47935,1000,49115.423681
241.264362,47,49116.131285
520.592012,96,49117.569212
549.82551,95,49119.005219
476.021301,103,49120.57498
360.382819,66,49121.5751
398.076446,70,49122.617632
255.096954,51,49123.384382
824.490747,149,49125.632187
913.030098,162,49128.055374
478.988914,93,49129.440546
1009.037259,140,49131.534311
377.8998,70,49132.583829
639.69025,116,49134.322085
252.147557,52,49135.102798
740.544891,134,49137.144724
514.13815,99,49138.623537
246.976297,48,49139.339266
451.439885,86,49140.634214
556.880595,114,49142.349477
372.789496,68,49143.365743
308.08133,61,49144.29445
516.515467,85,49145.561751
406.901832,69,49146.590731
743.042254,135,49148.61911
645.882843,115,49150.363813
425.716692,80,49151.572126
247.064301,48,49152.292017
12376.479126,1000,49167.276408
404.685947,77,49168.431994
549.439099,94,49169.832325
104.648226,21,49170.143797
660.708896,121,49171.953172
12336.47255,1000,49186.953265
492.240508,101,49188.464874
586.773688,104,49190.035423
382.927909,69,49191.070739
12230.002225,1000,49205.989753
12798.494886,1000,49220.929114
12695.989367,1000,49235.873522
793.88922,107,49237.470134
404.218556,72,49238.544415
512.744392,86,49239.820958
12801.722068,1000,49254.779045
12589.917212,1000,49269.657011
784.577144,148,49271.884584
649.392239,100,49273.375211
12395.115932,1000,49288.279527
227.690233,42,49288.902183
243.606724,42,49289.524557
169.106212,31,49289.99352
460.461294,73,49291.084515
12494.294977,1000,49306.000439
469.030493,79,49307.170882
140.035599,27,49307.570369
408.891648,71,49308.638743
590.152247,100,49310.131546
127.084662,24,49310.491999
484.065547,79,49311.66688
624.561664,107,49313.263098
368.372257,65,49314.225973
476.041778,83,49315.465051
1334.103443,212,49318.649305
889.030969,137,49320.684803
134.554642,26,49321.073148
151.467762,29,49321.512434
12321.297166,1000,49336.408627
508.351408,78,49337.572404
163.795039,31,49338.031664
574.512959,102,49339.553208
12263.873376,1000,49354.436391
784.052173,124,49356.286622
12400.32029,1000,49371.209614
471.638086,97,49372.657601
1176.413438,198,49375.637465
254.08441,55,49376.462406
12157.127442,1000,49391.374441
302.265569,64,49392.325191
12021.710566,1000,49407.232774
289.442058,58,49408.094514
415.088255,83,49409.333837
11685.043208,1000,49424.240455
437.975917,90,49425.612065
392.819061,76,49426.749703
369.485256,78,49427.918586
11022.564947,1000,49442.809206
490.181513,87,49444.107404
12185.919,1000,49459.002301
511.697028,91,49460.370455
373.683722,77,49461.523823
275.807893,55,49462.343733
466.810345,88,49463.65369
485.079049,113,49465.358474
1752.426738,263,49469.265856
313.270314,67,49470.260453
683.136163,131,49472.229983
291.583007,57,49473.08162
371.544888,73,49474.17495
330.821554,67,49475.168172
863.003732,131,49477.118119
861.790645,184,49479.873527
779.175054,138,49481.936896
418.075808,92,49483.308475
564.950076,119,49485.090056
598.70386,112,49486.797188
542.833578,103,49488.334939
12043.195786,1000,49503.275228
485.494952,88,49504.590132
322.979313,69,49505.620273
292.876871,56,49506.46185
788.626967,140,49508.545149
389.557482,78,49509.701707
589.39556,126,49511.609382
341.975361,65,49512.574177
811.343844,150,49514.811563
754.525432,140,49516.930396
343.392695,79,49518.117902
254.987043,54,49518.928014
431.034259,94,49520.337939
277.906983,62,49521.279596
371.768131,73,49522.377843
265.014681,59,49523.26961
386.835242,85,49524.544418
121.345276,27,49524.961476
883.816794,147,49527.16095
11496.163488,1000,49542.147007
12408.369116,1000,49557.179706
469.603068,89,49558.505486
2344.798894,435,49565.037395
1381.505891,216,49568.284213
499.441562,108,49569.915838
514.400067,106,49571.5084
278.888485,56,49572.345431
352.786144,67,49573.353855
368.489659,71,49574.427925
437.142423,81,49575.653817
12007.348426,1000,49590.64325
309.62921,65,49591.631527
635.700416,124,49593.494791
392.877363,72,49594.563112
419.341508,84,49595.829094
581.184417,98,49597.304426
406.752319,74,49598.429018
478.226872,85,49599.702213
1405.845446,247,49603.419037
292.35506,54,49604.24196
319.727572,59,49605.130022
291.768441,56,49605.970177
545.888032,91,49607.35089
372.557918,63,49608.312516
325.244871,65,49609.285823
983.538014,167,49611.794916
12590.332652,1000,49626.757828
361.08986,77,49627.901659
465.605972,87,49629.206592
499.950243,98,49630.70329
11821.158481,1000,49645.674217
11613.428188,1000,49660.618572
301.315897,54,49661.430244
263.316142,47,49662.13895
12060.729352,1000,49677.144071
757.354619,131,49679.104466
281.51515,53,49679.900386
412.059567,72,49680.979779
378.35677,67,49681.984026
421.960549,78,49683.16875
495.063371,89,49684.50088
443.207156,85,49685.782867
11862.000853,1000,49700.761893
742.423334,133,49702.758148
1092.33165,200,49705.765676
738.109866,124,49707.639009
445.65144,85,49708.916518
404.13017,78,49710.087504
313.711088,60,49710.989765
369.094808,65,49711.981745
474.127772,92,49713.359009
442.164462,87,49714.666195
399.225458,70,49715.707872
827.645591,129,49717.642801
331.462228,61,49718.553695
225.668525,45,49719.238839
11431.797319,1000,49734.224797
1087.872079,189,49737.07472
12448.057554,1000,49752.03059
474.674496,100,49753.55727
772.723152,115,49755.280544
185.795771,35,49755.799513
560.252954,95,49757.22615
185.141205,35,49757.751147
376.19474,65,49758.722751
657.818271,104,49760.280185
851.517282,125,49762.154322
12380.191387,1000,49777.105633
966.528912,155,49779.426848
367.930009,66,49780.440957
673.677307,122,49782.275043
294.808238,56,49783.111697
313.309366,56,49783.956306
285.44353,54,49784.776766
752.176801,135,49786.809915
12814.683801,1000,49801.804606
12843.721318,1000,49816.775257
12620.338589,1000,49831.841305
12774.017984,1000,49846.869091
12842.333699,1000,49861.922884
12784.364744,1000,49876.895976
12769.618443,1000,49891.90959
12790.386579,1000,49906.901369
555.181978,75,49908.0239
12751.377057,1000,49923.078504
12832.040419,1000,49938.098351
12785.440329,1000,49953.116106
12821.770283,1000,49968.083795
12809.840698,1000,49983.111472
12794.19336,1000,49998.137492
428.542224,86,49999.438811
353.970236,78,50000.60739
306.081389,70,50001.659785
631.31521,105,50003.232232
388.764236,74,50004.346518
435.556648,87,50005.670491
12226.741197,1000,50020.661502
563.930964,113,50022.365773
417.404791,88,50023.689711
12200.112293,1000,50038.740484
512.074236,108,50040.354948
656.776372,147,50042.562207
519.061516,106,50044.158895
1260.412398,202,50047.197119
418.399315,90,50048.556105
484.985781,108,50050.184449
383.290805,92,50051.570153
348.993009,80,50052.799412
408.554861,96,50054.241872
536.734972,96,50055.695327
465.961265,92,50057.086623
835.104826,130,50059.0676
1185.933608,189,50061.913152
336.958262,62,50062.846668
761.066977,122,50064.669673
969.35037,167,50067.183889
402.15898,70,50068.241091
335.924373,61,50069.167786
599.727341,98,50070.633501
427.972699,82,50071.877609
604.1454,107,50073.484964
804.797787,121,50075.321265
3542.209503,393,50081.230626
12361.560368,1000,50096.272301
500.81652,93,50097.671278
12101.785248,1000,50112.669216
1152.519789,203,50115.73687
1464.675628,213,50118.932378
310.730671,59,50119.823918
1616.878958,260,50123.723725
12446.004019,1000,50138.697367
835.712543,170,50141.26323
637.981863,137,50143.312989
579.303757,113,50145.007746
830.469822,138,50147.078295
656.676256,113,50148.770065
910.731592,156,50151.110218
941.163832,160,50153.517464
677.207479,137,50155.582369
733.358927,140,50157.744035
438.974995,82,50158.981639
454.543978,83,50160.218862
457.127047,83,50161.462818
347.062475,65,50162.439727
368.762084,63,50163.383718
393.39847,71,50164.445325
473.104982,81,50165.667338
11452.269999,1000,50180.608078
1325.226861,201,50183.617823
488.299373,87,50184.921117
306.50298,60,50185.838609
556.907469,107,50187.436085
1606.640305,243,50191.072183
303.345815,67,50192.072522
366.543983,78,50193.239805
416.975683,92,50194.627236
282.898674,65,50195.602729
335.265457,71,50196.661413
534.639233,103,50198.210474
368.210008,88,50199.533832
302.753732,71,50200.615544
295.543923,64,50201.576809
301.816763,64,50202.537402
352.334549,71,50203.600948
257.980438,60,50204.500277
354.888919,82,50205.730222
408.052187,89,50207.06632
383.510186,83,50208.310409
11767.626963,1000,50223.293746
559.162138,128,50225.222799
474.793454,107,50226.836083
661.506267,131,50228.795957
664.896843,111,50230.465096
632.28439,100,50231.965203
3094.445607,347,50237.159868
839.327658,134,50239.17044
929.746866,160,50241.563704
1386.728667,187,50244.358586
334.002604,64,50245.316944
11788.274977,1000,50260.269567
12068.774776,1000,50275.207344
447.336985,98,50276.695938
414.017658,90,50278.048784
235.682314,48,50278.76443
529.670601,120,50280.601695
469.109957,81,50281.813681
640.468993,115,50283.537872
300.647681,67,50284.548551
444.119121,95,50285.974419
899.665868,160,50288.386001
11957.693551,1000,50303.330035
12310.42141,1000,50318.283047
387.70696,66,50319.273423
504.325922,106,50320.862618
545.254383,100,50322.358598
1120.830625,175,50324.994463
617.408177,111,50326.666721
11354.376702,1000,50341.677151
412.852113,79,50342.855432
492.527588,98,50344.34593
634.703891,137,50346.40258
527.630142,92,50347.777498
327.088989,63,50348.723174
593.935862,120,50350.540271
560.505286,98,50352.01067
12061.70697,1000,50366.970027
583.540208,107,50368.569854
437.541568,84,50369.82823
381.363803,70,50370.874815
598.0104,107,50372.493086
392.328472,72,50373.568363
294.884177,55,50374.392359
387.481585,69,50375.424641
494.519937,93,50376.819251
12439.283052,1000,50391.825929
422.45343,81,50393.042966
1342.778388,196,50396.003837
521.503892,95,50397.423733
902.977172,141,50399.534536
12472.411442,1000,50414.546266
545.3092,104,50416.107136
12769.435269,1000,50431.061637
12381.85049,1000,50446.018267
713.314668,104,50447.574904
537.805841,96,50449.00072
568.157766,95,50450.419729
505.621832,94,50451.817253
256.803517,49,50452.548049
12117.922225,1000,50467.475656
12271.972136,1000,50482.371204
561.793922,91,50483.721628
1014.525109,164,50486.186925
1349.690907,183,50488.916787
375.732126,64,50489.872097
497.383752,87,50491.175985
669.121443,111,50492.831306
825.479003,133,50494.81557
12552.208047,1000,50509.70385
12048.525095,1000,50524.630299
426.724983,73,50525.731599
488.659971,84,50526.990646
12490.918657,1000,50541.874362
673.81057,129,50543.812123
468.42342,81,50545.027379
2560.834618,268,50549.023887
797.972947,126,50550.904026
618.779039,105,50552.470432
502.672669,81,50553.67872
841.30094,154,50555.98188
615.533784,104,50557.55256
443.222111,79,50558.730019
11982.749475,1000,50573.601165
12180.262818,1000,50588.55049
496.121907,92,50589.941466
693.653321,137,50591.995022
375.167957,75,50593.110287
683.944444,120,50594.913975
590.019477,120,50596.715504
391.465777,75,50597.83515
12457.845178,1000,50612.712766
271.851936,49,50613.457828
1008.086225,145,50615.615973
12478.407882,1000,50630.460338
619.294867,98,50631.916993
730.275025,120,50633.699227
1950.244146,236,50637.225888
1442.323295,211,50640.377657
376.679721,63,50641.311548
229.379511,43,50641.956946
12421.012315,1000,50656.888547
326.614217,56,50657.726746
859.690834,139,50659.797528
547.766798,94,50661.205044
506.914509,81,50662.407365
12443.432631,1000,50677.2817
1261.741503,183,50680.012603
342.010846,59,50680.893169
337.42175,60,50681.788524
11984.505374,1000,50696.706792
239.230756,39,50697.295817
12467.077924,1000,50712.238371
12589.800497,1000,50727.119653
548.225483,103,50728.655429
12523.588206,1000,50743.527158
440.581899,78,50744.687501
12801.877881,1000,50759.543175
12394.442227,1000,50774.434701
12745.785106,1000,50789.296231
12666.545513,1000,50804.186255
12886.783495,1000,50819.09497
12766.951775,1000,50834.005013
12790.224157,1000,50848.872944
12819.144594,1000,50863.755367
12781.494866,1000,50878.648923
12804.882667,1000,50893.574123
12756.19973,1000,50908.45789
469.632306,95,50909.888483
549.539358,111,50911.541629
651.843128,123,50913.380022
578.948158,110,50915.033216
702.908308,125,50916.890168
588.699022,112,50918.562962
560.274825,127,50920.454632
713.608292,128,50922.369586
599.140861,127,50924.263768
897.235364,171,50926.81433
639.664761,129,50928.735942
12143.206438,1000,50943.620251
472.782567,100,50945.113614
1508.285231,219,50948.390332
159.599699,33,50948.881176
358.737678,69,50949.906709
700.010857,134,50951.941599
12297.076404,1000,50966.83569
404.369463,75,50967.951775
364.64102,75,50969.067563
580.475418,119,50970.835749
12465.819034,1000,50985.719819
384.96292,79,50986.903035
474.647731,107,50988.50994
557.040554,117,50990.253641
566.824173,113,50991.978111
492.168536,92,50993.346568
446.783918,93,50994.731464
410.163064,91,50996.095587
420.580512,96,50997.528008
473.214769,93,50998.927613
1438.408731,218,51002.173964
518.783342,97,51003.614369
315.857551,65,51004.602693
945.875561,169,51007.131891
1018.368397,189,51009.953479
769.003974,179,51012.665139
370.292986,77,51013.813916
450.711618,90,51015.155605
604.283436,132,51017.119913
437.802061,100,51018.622205
1024.898091,214,51021.815403
387.228065,82,51023.056045
438.513056,92,51024.440395
478.061563,95,51025.85007
532.311201,108,51027.453357
1056.621556,183,51030.197618
243.790144,57,51031.04485
315.889828,71,51032.108163
989.086304,157,51034.441282
382.391353,77,51035.604932
11315.263333,1000,51050.483733
12053.225517,1000,51065.361704
393.179926,78,51066.54176
569.450696,108,51068.158008
261.124803,50,51068.903504
11813.896373,1000,51083.804247
576.272744,99,51085.277904
802.091157,154,51087.567449
638.409529,121,51089.361806
993.752304,178,51092.01734
524.641218,95,51093.428891
401.286713,74,51094.522164
846.326738,146,51096.718689
12186.253365,1000,51111.616086
780.673346,121,51113.415749
331.239003,75,51114.539351
941.721243,165,51117.005183
855.030441,144,51119.152749
12010.367994,1000,51134.130017
223.066285,43,51134.772037
347.154342,62,51135.697008
213.021934,42,51136.322022
260.680843,50,51137.082026
686.152656,119,51138.872825
376.119441,65,51139.837781
495.223089,101,51141.36451
843.591016,134,51143.375011
12292.9811,1000,51158.274778
504.96316,101,51159.778988
207.477174,42,51160.403766
263.139464,52,51161.180276
466.408866,85,51162.43927
431.06931,74,51163.568067
292.129406,55,51164.384151
266.133751,52,51165.159112
951.302611,164,51167.609075
420.50191,77,51168.759651
430.797708,75,51169.885573
380.570053,69,51171.63053
645.103171,124,51173.486496
706.623374,120,51175.263328
297.944327,59,51176.137022
347.24823,65,51177.115249
467.580199,88,51178.430253
12001.972492,1000,51193.38794
12402.908174,1000,51208.352233
439.395156,85,51209.622237
12138.183454,1000,51224.556559
1258.070734,185,51227.336435
12502.993512,1000,51242.271166
811.22302,134,51244.275683
713.134123,147,51246.490126
12397.061387,1000,51261.476416
671.578678,127,51263.383357
549.220072,96,51264.818147
969.034172,149,51267.046401
495.833845,93,51268.441345
476.149166,84,51269.703444
677.439934,112,51271.369559
590.45989,101,51272.891131
748.323073,121,51274.697407
394.617049,72,51275.774727
208.450422,40,51276.392313
468.253231,82,51277.621046
11682.917151,1000,51292.590285
12362.754419,1000,51307.529715
1123.756172,152,51309.791257
322.633802,64,51310.746598
591.606883,112,51312.426192
768.51045,131,51314.387744
12298.929465,1000,51329.350692
11762.217466,1000,51344.263166
442.209293,83,51345.522353
202.085432,36,51346.058221
403.724648,68,51347.072654
243.075138,40,51347.664611
12828.662996,1000,51362.600646
12570.831454,1000,51377.538332
12637.475137,1000,51392.524386
314.046202,65,51393.502626
398.036767,76,51394.643968
338.460035,76,51395.784198
220.66247,48,51396.514176
196.360942,36,51397.054217
12188.522347,1000,51412.038718
445.339695,79,51413.218572
192.10026,35,51413.740205
429.610695,76,51414.886767
11982.992624,1000,51429.848441
480.299422,85,51431.135085
12228.753355,1000,51446.149602
597.383372,118,51447.93213
342.281931,67,51448.960663
1105.319021,191,51451.823899
11271.060233,1000,51466.806186
626.370917,121,51468.619449
11726.502181,1000,51483.595459
1230.737917,238,51487.166987
12680.560076,1000,51502.182281
377.853451,68,51503.199664
723.031636,124,51505.062845
1406.602593,209,51508.191101
531.536138,90,51509.554707
12219.157496,1000,51524.522042
12261.59527,1000,51539.501457
632.446234,108,51541.134727
730.37229,125,51543.013993
380.763416,70,51544.062866
833.381166,122,51545.892071
11648.96704,1000,51560.89035
1030.591166,145,51563.092089
1006.832933,147,51565.288608
1053.798098,173,51567.894206
476.538407,82,51569.125813
855.248646,134,51571.121696
473.246448,91,51572.498331
479.701171,76,51573.635851
1210.644289,189,51576.490208
832.203467,164,51578.953028
920.754112,139,51581.029589
12245.407916,1000,51596.005912
479.580074,89,51597.330597
521.434614,99,51598.832272
1049.094098,191,51601.694681
430.079757,80,51602.892286
374.998936,69,51603.921963
972.352903,156,51606.273636
211.777946,39,51606.862196
1552.023879,238,51610.451006
11877.806483,1000,51625.479483
531.555057,102,51627.016191
515.59485,103,51628.564874
416.963909,84,51629.843549
577.509926,97,51631.294128
300.613484,62,51632.216625
1465.320412,197,51635.182993
726.976147,129,51637.117108
541.905592,95,51638.546477
480.884802,86,51639.837492
805.330666,141,51641.952051
3386.39968,363,51647.400088
12062.58968,1000,51662.407219
406.275126,79,51663.599435
447.44412,72,51664.674341
408.442348,80,51665.877759
772.884241,127,51667.802654
12333.509907,1000,51682.78622
11976.730155,1000,51697.806264
679.485156,143,51699.961205
632.84344,109,51701.59947
395.553238,72,51702.672726
12255.579368,1000,51717.720388
930.569111,146,51719.941324
527.538724,115,51721.674711
770.955549,137,51723.734234
11955.263282,1000,51738.796973
412.472069,80,51740.00121
12632.885733,1000,51755.072136
12773.436531,1000,51770.118238
317.928604,52,51770.893168
12764.934617,1000,51785.959173
12452.534284,1000,51801.003805
12646.763958,1000,51816.094557
12710.879117,1000,51831.135611
12784.393535,1000,51846.179917
12442.605085,1000,51861.208691
12810.041641,1000,51876.305958
351.813548,71,51877.388258
675.557952,108,51879.021833
243.633723,47,51879.727954
254.071407,48,51880.44846
471.068692,81,51881.66879
978.759314,170,51884.241652
366.750666,67,51885.262203
911.797034,149,51887.518424
431.492031,95,51888.954691
946.228436,186,51891.762918
367.649023,74,51892.89297
454.205973,83,51894.146427
608.329919,105,51895.729439
527.616547,83,51896.985455
794.231437,121,51898.798798
12416.98977,1000,51913.857023
672.713697,111,51915.519977
422.679133,83,51916.770868
254.288579,47,51917.476956
394.007529,72,51918.56015
406.187504,75,51919.697793
427.803449,84,51920.968386
531.232068,94,51922.395101
366.879067,69,51923.436708
446.236261,85,51924.721598
12213.770373,1000,51939.84179
735.619535,121,51941.667638
393.133419,68,51942.687145
592.942318,98,51944.165776
204.224247,40,51944.764039
579.562447,98,51946.252247
12035.385174,1000,51961.298556
910.650489,162,51963.728182
12682.738726,1000,51978.807245
12578.045524,1000,51993.902846
12610.410334,1000,52008.94642
12686.504761,1000,52024.004966
12564.903659,1000,52039.004997
12791.839985,1000,52054.028658
243.608704,45,52054.697639
392.503179,65,52055.675937
12396.409349,1000,52070.669676
964.999508,153,52073.001972
435.656704,86,52074.291807
225.566261,43,52074.937077
290.825527,56,52075.793429
1057.151461,171,52078.369194
890.16524,165,52080.852427
576.812463,95,52082.274215
697.621943,124,52084.146078
315.924754,62,52085.07658
300.153043,58,52085.952437
585.086896,102,52087.486879
373.709046,73,52088.591182
772.87206,127,52090.511634
11742.467504,1000,52105.561122
688.331294,121,52107.389657
450.633248,81,52108.609901
413.590403,78,52109.785931
413.952584,76,52110.972898
675.241335,114,52112.684898
12010.937372,1000,52127.6996
376.76703,76,52128.846057
328.378438,68,52129.866096
409.439275,84,52131.138053
12396.693408,1000,52146.153893
336.485652,60,52147.065754
454.078508,88,52148.38863
586.143311,106,52149.978484
422.007194,81,52151.195172
346.040147,72,52152.28351
732.812136,124,52154.158661
377.373515,73,52155.26851
1014.001172,178,52157.967315
12256.939044,1000,52173.045885
916.922725,155,52175.389254
11950.618426,1000,52190.438503
716.051386,129,52192.373469
12028.456026,1000,52207.419416
12433.077358,1000,52222.465459
796.108885,113,52224.173008
411.95385,67,52225.17435
856.116304,165,52227.663565
482.779892,84,52228.929276
424.834507,82,52230.163496
767.553502,132,52232.181651
719.161919,110,52233.859962
338.111263,65,52234.838263
415.183074,77,52235.996617
369.10338,65,52236.974854
449.858774,87,52238.299175
1096.207921,179,52240.991402
488.22089,85,52242.271956
250.26316,51,52243.038313
427.769968,82,52244.279871
967.554757,151,52246.57068
886.985477,164,52249.035158
425.669097,84,52250.289286
574.407623,103,52251.845868
269.882307,55,52252.66751
605.505177,114,52254.395799
558.439653,95,52255.82741
634.773887,121,52257.650373
281.501618,58,52258.519896
375.589167,75,52259.644042
295.553831,65,52260.628866
512.972583,100,52262.132115
431.734131,80,52263.349662
425.19653,85,52264.623609
499.033259,99,52266.11032
717.309257,132,52268.101967
12306.594077,1000,52283.148885
387.757629,78,52284.321906
359.175041,72,52285.399769
12134.438044,1000,52300.486981
806.194767,140,52302.595327
358.833183,73,52303.695373
468.180837,85,52304.973574
1092.109482,223,52308.340136
582.457344,110,52309.994988
12283.179104,1000,52325.060017
583.598828,107,52326.679029
965.984647,178,52329.354191
1064.300643,163,52331.809154
1384.774733,217,52335.073942
197.844941,38,52335.663304
427.496766,74,52336.777287
262.34356,48,52337.503187
105.62732,21,52337.838294
755.004581,126,52339.750508
290.528273,53,52340.546327
12556.898939,1000,52355.536512
693.949631,102,52357.058071
12399.871626,1000,52372.01503
12367.234484,1000,52386.970066
12531.724336,1000,52401.938372
12674.886816,1000,52416.920829
11785.384379,1000,52431.883202
12152.32341,1000,52446.827511
500.680326,89,52448.152438
764.641223,130,52450.107347
703.817556,120,52451.896481
231.794343,45,52452.563792
448.662833,81,52453.77552
12188.555279,1000,52468.729953
12222.498216,1000,52483.718742
12276.903793,1000,52498.646934
12297.182771,1000,52513.581314
641.173323,114,52515.299567
356.693586,70,52516.348914
307.065347,57,52517.202279
584.322283,97,52518.644426
12193.513621,1000,52533.84465
566.288931,114,52535.543737
410.683315,70,52536.594054
436.461374,79,52537.810314
598.591418,104,52539.394211
883.453362,130,52541.327882
649.360888,104,52542.885076
366.854628,70,52543.932785
532.267223,94,52545.34261
425.738457,84,52546.596554
501.13625,90,52547.948899
366.357027,71,52549.01579
709.542682,111,52550.670349
12198.60658,1000,52565.642382
154.140406,32,52566.124954
262.143035,49,52566.855709
301.923568,58,52567.717525
533.231925,94,52569.135757
393.406152,74,52570.243782
891.429281,148,52572.4538
437.469002,92,52573.84172
12436.477904,1000,52588.803088
433.283327,93,52590.208048
515.427723,116,52591.961293
310.770795,66,52592.95881
329.435562,73,52594.05845
467.006593,100,52595.544477
301.395259,68,52596.568382
302.116612,65,52597.543734
396.409449,89,52598.930522
450.599385,93,52600.335274
359.41588,74,52601.448239
420.065182,94,52602.862998
303.153797,66,52603.857506
491.579018,98,52605.332329
390.728211,83,52606.579005
328.584207,72,52607.66727
450.870376,101,52609.183924
391.876864,90,52610.531146
492.614873,104,52612.090514
371.336764,80,52613.298733
574.815329,98,52614.783966
319.732731,71,52615.842605
812.870476,168,52618.376851
11982.143621,1000,52633.347828
376.807674,80,52634.541135
380.088575,77,52635.696063
314.760937,64,52636.652756
533.352076,91,52638.01134
447.869639,85,52639.307566
538.860373,100,52640.799265
570.710382,118,52642.569233
172.688668,38,52643.140501
263.159416,59,52644.04581
425.378964,87,52645.345692
466.143347,107,52646.949326
416.697359,74,52648.045262
1297.684484,213,52651.244632
12141.362092,1000,52666.234793
12259.585651,1000,52681.269645
1040.995238,135,52683.304939
838.061385,135,52685.330593
12665.602275,1000,52700.334592
302.119755,56,52701.19391
12318.710324,1000,52716.216341
1471.447311,193,52719.129252
744.767375,128,52721.079123
217.743866,39,52721.663416
12303.811138,1000,52736.683573
12452.907098,1000,52751.662756
12638.534581,1000,52766.650324
11993.990433,1000,52781.601534
557.575606,103,52783.194071
428.498532,75,52784.33303
12127.413447,1000,52799.34338
842.42306,146,52801.542671
1829.470592,239,52805.11724
391.993584,72,52806.200807
12523.36625,1000,52821.182468
354.181315,76,52822.31646
1635.542743,231,52825.775897
587.31076,105,52827.356161
12451.816024,1000,52842.324962
409.968426,80,52843.575504
707.047828,149,52845.822029
389.709776,73,52846.916367
410.337006,78,52848.087611
437.11102,74,52849.196773
633.612417,124,52851.058562
11829.531811,1000,52866.059692
12368.496524,1000,52881.057227
366.706572,66,52882.050623
390.888524,73,52883.143889
538.367282,88,52884.492387
531.712036,91,52885.853654
12479.012889,1000,52900.803063
199.384951,38,52901.36748
408.775518,75,52902.501422
2492.680353,448,52909.274534
153.476102,31,52909.738343
399.024407,72,52910.823649
262.489459,50,52911.569206
12450.256684,1000,52926.561982
12201.900372,1000,52941.581669
315.384727,53,52942.371288
430.373666,73,52943.459613
737.853718,140,52945.560093
260.797224,47,52946.264422
12095.922947,1000,52961.255687
344.262014,60,52962.155637
1152.440717,160,52964.5553
322.973842,56,52965.431951
132.57466,25,52965.805466
1433.165469,223,52969.16959
357.5104,60,52970.076785
362.517305,64,52971.035683
787.690605,138,52973.110114
287.023795,51,52973.890046
401.258105,67,52974.892503
927.502339,165,52977.376516
295.982744,53,52978.177222
403.882856,66,52979.173384
12519.975188,1000,52994.230738
11857.897185,1000,53009.300055
657.782149,109,53010.949095
419.211807,81,53012.1678
531.207562,105,53013.744919
484.938083,96,53015.190707
372.187782,74,53016.314816
599.922767,114,53018.03472
525.845634,93,53019.445427
565.738332,100,53020.950606
162.124241,32,53021.434531
11496.669636,1000,53036.559965
12312.423965,1000,53051.6028
613.754468,113,53053.305766
462.427289,83,53054.556488
509.773595,101,53056.083056
549.850893,99,53057.578691
7028.766652,616,53066.862856
401.161733,73,53067.9596
12006.027506,1000,53083.038623
281.53781,57,53083.901202
353.037251,68,53084.949584
175.077544,34,53085.460977
406.732073,81,53086.687325
519.470058,100,53088.236696
12073.438604,1000,53103.292711
11681.741079,1000,53118.324109
12216.844364,1000,53133.386468
230.2393,51,53134.151029
555.922819,120,53135.958999
11543.717917,1000,53151.045319
661.706098,136,53153.117249
424.197481,87,53154.427154
407.003996,87,53155.764228
11922.698713,1000,53170.805201
625.460333,107,53172.469779
11919.102271,1000,53187.659064
356.788704,69,53188.695952
11662.178778,1000,53203.755111
427.350011,76,53204.899143
532.360095,92,53206.289143
592.610327,106,53207.90324
665.505217,114,53209.65427
250.95809,47,53210.364812
341.221935,61,53211.300652
544.657688,105,53212.874645
479.509319,93,53214.269641
248.33761,46,53214.965688
461.170321,86,53216.282846
507.046113,87,53217.603227
1814.318536,278,53221.798639
1032.015079,177,53224.484183
954.143327,160,53226.891805
12446.548316,1000,53241.9613
323.236185,61,53242.873437
433.188727,75,53244.012653
117.569541,23,53244.358043
483.154716,88,53245.686669
447.168953,90,53247.0491
602.73417,101,53248.580144
759.534919,133,53250.578107
259.251225,56,53251.42979
381.202616,82,53252.774245
12198.150094,1000,53267.835378
546.36887,103,53269.375589
423.380895,90,53270.756406
315.441251,61,53271.678836
1184.754657,180,53274.371322
782.937761,130,53276.333034
390.388038,72,53277.424191
324.756148,65,53278.3944
454.498531,88,53279.715211
725.273947,126,53281.601215
1251.068822,227,53285.000639
173.129105,32,53285.48058
788.386001,118,53287.244856
367.571632,68,53288.262369
691.965868,114,53289.962985
261.146188,51,53290.741301
279.318716,53,53291.538902
404.104963,76,53292.68024
303.91197,60,53293.57782
359.27638,64,53294.528065
370.558309,69,53295.571781
370.925655,66,53296.553704
286.963262,60,53297.448726
303.451917,57,53298.298614
365.025225,66,53299.283907
766.281171,121,53301.098535
423.196612,71,53302.152453
347.492209,61,53303.056134
872.870025,143,53305.192384
420.529703,69,53306.236646
131.418471,25,53306.607284
366.669628,65,53307.572261
214.841234,43,53308.217204
244.795615,47,53308.920589
293.957563,60,53309.8138
465.176692,80,53311.000837
266.50722,49,53311.736639
137.172834,26,53312.127051
696.471244,103,53313.682895
205.403851,42,53314.305788
464.24284,84,53315.550917
12512.308729,1000,53330.401237
12478.823279,1000,53345.298995
459.374982,77,53346.452945
1235.440912,200,53349.427932
423.441881,71,53350.503406
760.717822,128,53352.424622
12043.661422,1000,53367.319363
12281.995541,1000,53382.394636
1149.289783,146,53384.635272
747.43518,109,53386.375262
12404.092542,1000,53401.655175
456.609122,77,53402.803231
810.035049,135,53404.822724
11738.879131,1000,53419.78474
457.558937,81,53421.021727
484.894402,89,53422.3817
12230.609139,1000,53437.443727
12267.753296,1000,53452.365381
302.238662,60,53453.287712
391.404298,70,53454.349265
328.259675,68,53455.362733
426.555272,79,53456.57132
268.802137,50,53457.317513
1226.092742,183,53460.064918
1376.827515,204,53463.112273
476.19388,91,53464.460547
490.6558,97,53465.91348
496.054761,93,53467.321224
338.934471,66,53468.314998
341.836995,76,53469.450314
12686.107635,1000,53484.655406
12648.689927,1000,53499.86269
421.1383,83,53501.103173
478.98923,93,53502.492327
239.350593,48,53503.218085
1085.050742,171,53505.803451
712.801389,153,53508.098251
282.071937,64,53509.077028
794.09787,144,53511.236542
406.015955,84,53512.546333
195.155777,38,53513.16106
237.837748,45,53513.846884
383.901865,73,53514.962029
824.400027,146,53517.168924
215.877314,43,53517.813127
12087.214126,1000,53532.774947
286.714109,63,53533.716684
226.191361,45,53534.399526
462.156614,101,53535.906755
351.617084,84,53537.164061
215.418334,43,53537.810883
225.92993,49,53538.547334
281.960757,67,53539.553967
299.71965,73,53540.655056
254.842181,57,53541.50993
182.208773,35,53542.030627
417.948834,81,53543.251847
203.657259,40,53543.859849
286.178023,63,53544.799639
393.156499,88,53546.128719
368.336196,78,53547.302675
591.475609,111,53548.956938
206.346621,40,53549.556668
265.266533,53,53550.355566
311.101592,63,53551.292014
11856.198519,1000,53566.233691
689.525821,138,53568.287764
234.59249,53,53569.089394
845.200651,157,53571.447592
333.024769,73,53572.535881
276.681732,55,53573.371193
434.733121,87,53574.67255
520.141835,97,53576.160799
756.125474,151,53578.444158
379.412013,76,53579.570584
368.669153,80,53580.769803
369.068521,85,53582.045501
454.523221,107,53583.670857
483.589714,86,53584.959589
674.165012,127,53586.861962
723.260966,137,53588.915249
12622.797806,1000,53603.865881
12270.663503,1000,53618.74488
12688.991631,1000,53633.617586
12243.665181,1000,53648.547689
12870.475728,1000,53663.44203
12601.411373,1000,53678.283835
12667.035675,1000,53693.14742
12691.727918,1000,53708.06514
12646.785084,1000,53722.933554
12786.302148,1000,53737.814187
12847.337462,1000,53752.702954
12843.941722,1000,53767.637581
12271.427321,1000,53782.558611
12839.271349,1000,53797.456289
12798.014227,1000,53812.345046
12541.541851,1000,53827.295082
12735.928128,1000,53842.226945
12822.437686,1000,53857.117065
309.677966,50,53857.863017
12633.111468,1000,53872.746081
12696.512017,1000,53887.663423
11904.318679,1000,53902.553478
459.605215,97,53904.001776
199.142654,41,53904.624306
268.237865,59,53905.501706
835.964514,176,53908.141569
294.857878,63,53909.095194
391.773455,79,53910.276468
999.606161,164,53912.729422
299.766465,59,53913.607212
243.561819,56,53914.451414
226.053282,49,53915.17959
258.910545,56,53916.017522
344.247536,77,53917.16117
307.026795,62,53918.088814
758.665541,128,53920.011731
670.373727,115,53921.731023
569.587434,131,53923.686527
598.629807,115,53925.417531
423.80935,72,53926.485804
609.176989,119,53928.255772
495.312368,104,53929.819713
605.981992,113,53931.503891
436.49875,81,53932.730511
12229.089025,1000,53947.677901
117.113958,23,53948.020902
12504.586189,1000,53962.944055
229.236807,45,53963.612556
1015.23015,176,53966.252444
764.617054,133,53968.242656
799.569529,148,53970.457277
430.773994,79,53971.62639
493.241978,92,53973.01142
317.107158,57,53973.871339
263.603598,48,53974.590393
310.170176,56,53975.428688
441.585477,77,53976.582792
583.882639,89,53977.913538
265.60351,49,53978.652927
495.905288,78,53979.824604
337.37478,61,53980.731827
327.9287,59,53981.627156
249.051876,46,53982.311748
633.251556,114,53984.038078
195.832914,37,53984.592985
246.956418,45,53985.264618
635.373192,103,53986.808204
764.778187,126,53988.684796
288.733121,53,53989.471504
611.353262,104,53991.042745
1055.411796,178,53993.71424
264.885354,48,53994.455377
326.907243,59,53995.340668
494.35997,87,53996.646432
406.297933,73,53997.730717
567.49285,102,53999.254155
1482.734544,208,54002.407572
12267.77563,1000,54017.355968
739.118674,149,54019.591866
12347.251374,1000,54034.573705
1694.771322,282,54038.779396
352.977445,61,54039.709971
508.528593,89,54041.039256
12366.762969,1000,54055.948638
277.663608,49,54056.674275
475.110406,94,54058.083899
12189.136918,1000,54073.066246
1223.339523,192,54075.941092
412.799852,73,54077.022725
582.360268,108,54078.634364
948.139011,195,54081.580869
448.62628,75,54082.700141
12358.546329,1000,54097.604576
328.766805,58,54098.47182
397.842709,65,54099.449273
432.747464,78,54100.610041
372.278436,71,54101.686835
401.937653,74,54102.791623
396.940309,74,54103.910877
2192.804087,361,54109.289651
444.99877,80,54110.499559
376.433069,69,54111.532074
479.783277,82,54112.75327
461.210262,92,54114.147209
498.586523,89,54115.476803
389.513062,66,54116.464349
291.548485,51,54117.231861
1370.296923,277,54121.372842
493.9624,101,54122.89053
457.085973,83,54124.159984
12308.023151,1000,54139.085555
458.784062,92,54140.478556
1062.808625,195,54143.383351
460.260421,79,54144.567615
12338.024387,1000,54159.461881
329.046088,61,54160.377519
5203.045696,491,54167.704176
11980.186955,1000,54183.422871
238.182337,42,54184.050682
599.48833,109,54185.721432
354.979529,65,54186.696373
393.450348,85,54187.971626
367.793411,78,54189.133825
453.962989,100,54190.631283
12087.419205,1000,54205.528268
328.307377,62,54206.452719
272.012384,52,54207.235843
787.9388,127,54209.137445
240.526651,44,54209.790409
595.756747,96,54211.225325
401.486165,71,54212.283708
12219.19801,1000,54227.153025
356.381665,62,54228.07164
514.801033,87,54229.375664
1643.4241,228,54232.754811
508.924045,107,54234.372429
350.196462,61,54235.288422
791.906125,158,54237.652608
958.316216,130,54239.595865
1078.274254,154,54241.915174
12381.637653,1000,54256.960112
353.212019,66,54257.953417
571.867694,97,54259.414243
312.676349,57,54260.266411
345.835787,67,54261.266683
324.124714,60,54262.167487
448.834126,77,54263.330695
319.371497,60,54264.241406
261.390041,46,54264.928026
346.299223,64,54265.886007
327.633168,57,54266.736346
320.065156,60,54267.634818
265.147052,48,54268.351638
852.959266,139,54270.437826
687.973816,131,54272.407855
407.660968,77,54273.559364
230.523762,41,54274.186333
732.645284,128,54276.11097
361.067685,64,54277.0792
903.378659,138,54279.147492
218.26374,40,54279.748088
250.307131,47,54280.447393
297.823281,54,54281.258696
955.876211,138,54283.335245
260.581196,49,54284.069683
262.342085,48,54284.778947
358.440389,63,54285.737218
476.423779,91,54287.100453
359.817571,67,54288.107978
12038.466426,1000,54303.073558
1146.25213,208,54306.186317
12361.328262,1000,54321.194453
657.016784,102,54322.717352
237.186763,43,54323.365895
520.493551,91,54324.729486
12508.590028,1000,54339.660227
877.074274,161,54342.083122
272.417426,58,54342.956425
220.93728,50,54343.703049
389.72812,86,54344.994989
339.222629,74,54346.104962
335.195283,68,54347.133665
825.394373,180,54349.834054
242.5179,49,54350.566083
12186.987964,1000,54365.533793
12067.472117,1000,54380.544853
394.928538,70,54381.598987
12452.252001,1000,54396.549133
945.535406,170,54399.114823
355.592666,56,54399.951895
1766.866461,225,54403.324545
470.160303,82,54404.55947
12241.696371,1000,54419.522463
1982.586852,260,54423.409907
12221.958847,1000,54438.401477
11917.040823,1000,54453.339944
102.163667,20,54453.645023
215.185811,39,54454.225716
121.482521,23,54454.570013
12341.251975,1000,54469.576878
281.892593,57,54470.438484
406.929104,70,54471.49094
12019.352062,1000,54486.487329
455.593002,88,54487.809985
710.740113,148,54490.089153
721.613369,141,54492.211904
910.930618,147,54494.426731
1179.192319,189,54497.286847
134.133613,26,54497.675094
490.800464,91,54499.04311
12084.03431,1000,54514.057495
295.722232,58,54514.930824
1040.88374,181,54517.645638
877.792006,173,54520.255548
590.574236,97,54521.715815
393.619958,78,54522.881074
12119.341972,1000,54537.8872
505.013199,110,54539.555651
557.96241,121,54541.381314
881.479033,177,54544.039813
408.846301,81,54545.259453
12180.329913,1000,54560.290492
671.194398,137,54562.342245
12064.548829,1000,54577.264534
360.280894,68,54578.278973
11878.129882,1000,54593.174841
471.365047,95,54594.624067
11498.82554,1000,54609.480056
227.386197,46,54610.160021
511.116386,112,54611.876979
402.707686,80,54613.081638
442.940667,91,54614.444534
443.59122,81,54615.648505
741.188718,123,54617.48772
694.468156,114,54619.188235
254.548092,49,54619.921311
860.294612,158,54622.289619
644.802613,116,54624.027807
376.557161,67,54625.03442
427.989511,76,54626.161039
371.366044,68,54627.181842
340.619649,71,54628.239249
244.905174,48,54628.960906
12233.041013,1000,54643.862024
12587.03621,1000,54658.775032
12550.730499,1000,54673.713989
12765.279188,1000,54688.623365
12589.033203,1000,54703.553403
12573.804995,1000,54718.477457
742.918403,118,54720.235347
1665.827636,315,54724.956167
560.637623,110,54726.596859
218.238483,52,54727.372716
12102.480338,1000,54742.39413
213.632948,50,54743.146196
417.377758,69,54744.176376
12473.670011,1000,54759.138709
356.685352,83,54760.382038
277.569833,67,54761.387957
12477.725272,1000,54776.323149
488.66564,87,54777.620441
12208.359745,1000,54792.548187
456.612348,85,54793.813913
600.322197,110,54795.520155
1071.20203,189,54798.347374
11028.043093,1000,54813.349693
433.105336,81,54814.568387
427.524983,91,54815.926389
1043.697773,186,54818.724552
485.013135,94,54820.134461
512.12316,110,54821.785162
365.167059,82,54823.015024
713.386992,137,54825.064959
1226.626285,215,54828.284163
485.540454,91,54829.647366
363.870188,76,54830.784807
289.48001,64,54831.756492
603.949241,106,54833.360798
703.532773,159,54835.743798
10761.950749,1000,54850.655257
471.523229,89,54851.995529
182.37981,40,54852.592446
164.427811,36,54853.129863
1610.796971,242,54856.779245
502.925554,112,54858.464524
999.335768,213,54861.642677
323.224442,61,54862.557672
681.639335,123,54864.41682
233.951275,47,54865.11756
432.559167,77,54866.261157
437.359687,83,54867.494248
422.757659,82,54868.716114
12338.651485,1000,54883.597754
659.300244,129,54885.522695
11314.243788,1000,54900.405066
614.066325,130,54902.334486
12003.893247,1000,54917.259041
1316.949133,189,54920.06873
12586.52799,1000,54934.901946
12052.029549,1000,54949.731275
326.177077,64,54950.682252
1177.305422,187,54953.467887
584.462054,123,54955.308367
566.705241,106,54956.878061
12346.521089,1000,54971.699162
12215.403278,1000,54986.592364
1016.602653,156,54988.934688
711.952955,124,54990.784527
358.757271,72,54991.857852
1640.237484,206,54994.933273
12475.064807,1000,55009.809695
750.265025,115,55011.522734
408.826706,70,55012.588835
458.129074,79,55013.768218
245.681263,48,55014.484499
720.834982,121,55016.289147
391.024682,72,55017.36867
12370.623614,1000,55032.237948
334.911437,60,55033.131598
12331.699442,1000,55048.03014
11319.908401,1000,55062.902105
1176.772792,229,55066.320417
217.792254,45,55066.987291
765.239705,152,55069.263864
881.280907,134,55071.287776
300.326682,63,55072.224344
542.04003,114,55073.933678
1320.498084,254,55077.718619
566.490134,113,55079.415007
502.69346,92,55080.841756
486.400891,94,55082.166693
533.290496,104,55083.673277
392.950004,76,55084.800904
307.659379,63,55085.728159
748.069954,138,55087.794755
306.145442,61,55088.702251
374.334491,78,55089.879618
190.93692,38,55090.445711
12197.31948,1000,55105.448997
399.704023,73,55106.537313
12404.177879,1000,55121.312675
358.645927,71,55122.372606
254.037717,48,55123.088259
803.855149,124,55124.933606
1471.477312,225,55128.303013
290.060161,54,55129.112392
299.124394,58,55129.99533
579.436203,103,55131.557981
367.124196,64,55132.523149
706.502495,121,55134.332833
12219.301809,1000,55149.145745
375.403849,71,55150.209776
382.401332,72,55151.297673
979.679751,173,55153.889301
246.849151,47,55154.587008
481.883242,85,55155.860932
832.256608,154,55158.178487
646.679659,118,55159.947787
226.46842,43,55160.611014
385.18963,68,55161.635004
320.897487,63,55162.571571
553.594998,108,55164.19484
325.413419,64,55165.15355
225.45765,43,55165.797983
589.848766,123,55167.635685
12746.983622,1000,55182.583209
12245.044639,1000,55197.573469
12672.433404,1000,55212.580824
12385.15342,1000,55227.658818
12389.323304,1000,55242.678205
505.058679,73,55243.771743
210.538495,35,55244.294775
12559.067637,1000,55259.272241
695.007739,123,55261.128111
11667.49723,1000,55276.10481
11320.749803,1000,55291.106107
713.063163,140,55293.211753
617.806413,104,55294.7643
11130.859802,1000,55309.752687
255.276449,49,55310.488733
12501.835816,1000,55325.464679
11952.216244,1000,55340.452692
843.003641,152,55342.737282
679.337749,128,55344.712635
11932.31311,1000,55359.680676
1087.951265,168,55362.194748
11730.458457,1000,55377.208534
261.315106,48,55377.925772
479.50092,89,55379.265333
12270.251402,1000,55394.333417
12054.878631,1000,55409.382779
355.328956,64,55410.34438
1010.870998,180,55413.05434
254.553422,48,55413.780207
457.82551,79,55414.968857
488.120675,80,55416.182199
471.20088,90,55417.543393
378.792616,75,55418.677404
511.739693,96,55420.122566
1191.362893,173,55422.735569
557.996421,101,55424.254668
602.882078,105,55425.82213
414.75697,76,55426.9621
11759.340725,1000,55442.008408
12609.816906,1000,55456.984788
288.913808,61,55457.890721
278.269562,63,55458.847357
263.46284,53,55459.653275
630.377059,114,55461.372251
560.899887,107,55462.975529
543.978793,116,55464.71384
717.737698,127,55466.663677
261.997955,55,55467.494891
345.825908,71,55468.554621
371.336261,82,55469.775897
315.575013,63,55470.725834
311.495815,77,55471.897094
1340.590264,295,55476.335904
520.456332,98,55477.801553
525.143286,100,55479.313133
247.716645,52,55480.094826
457.827254,96,55481.545666
358.442684,78,55482.716442
765.552724,135,55484.749561
415.778205,83,55486.009614
1076.225394,172,55488.597976
431.456281,93,55490.00849
416.826852,93,55491.440985
837.244131,130,55493.390972
330.197187,61,55494.306835
893.477377,161,55496.733721
451.531361,87,55498.045649
352.312787,77,55499.206011
426.692858,79,55500.397504
295.469109,65,55501.382539
723.641992,134,55503.405933
11879.615804,1000,55518.508205
928.954987,163,55520.979035
277.20996,58,55521.864988
362.492016,71,55522.93941
624.546005,126,55524.829656
11844.754198,1000,55539.941562
542.420198,90,55541.29225
12292.307401,1000,55556.380498
11377.317118,1000,55571.460913
683.085088,130,55573.415934
533.051329,103,55574.995767
473.584146,94,55576.410739
679.059821,125,55578.295994
348.340441,75,55579.427219
244.600839,50,55580.189723
1135.94823,194,55583.127497
506.896866,99,55584.617034
236.363781,52,55585.40328
433.382628,83,55586.663614
727.428457,129,55588.638459
255.915865,53,55589.445763
383.487298,82,55590.680171
511.914285,110,55592.352725
409.872983,88,55593.681768
271.648578,64,55594.652006
255.92196,59,55595.536559
12049.500434,1000,55610.600971
391.539714,89,55611.975868
302.513238,65,55612.951237
518.789554,103,55614.505707
782.146128,173,55617.131534
443.925671,96,55618.577612
329.345348,68,55619.603204
748.057074,127,55621.517117
435.908211,97,55622.989396
265.679263,57,55623.847916
308.462831,65,55624.823097
2020.675437,265,55628.817596
658.914767,120,55630.621816
1111.781035,185,55633.406606
12614.20365,1000,55648.485345
348.817533,57,55649.361001
192.242703,34,55649.875248
119.500033,23,55650.220917
159.728141,29,55650.658802
12423.041596,1000,55665.693566
12600.762254,1000,55680.756408
167.818359,30,55681.210741
12331.205805,1000,55696.287304
153.242861,28,55696.710747
147.441658,27,55697.131006
134.147744,25,55697.502213
166.741759,30,55697.956377
165.578766,30,55698.408061
135.254477,25,55698.782195
199.236559,35,55699.310598
155.315621,28,55699.739799
1128.729511,150,55702.005602
140.742987,26,55702.403066
12617.325774,1000,55717.482014
153.934418,28,55717.908989
11248.651279,1000,55732.974836
12776.175807,1000,55748.04169
837.477077,154,55750.366859
256.755211,56,55751.2134
12273.472777,1000,55766.310975
916.870254,156,55768.667207
11618.744114,1000,55783.760367
553.023724,119,55785.552064
380.038015,83,55786.798407
314.276931,77,55787.961735
306.003636,74,55789.107745
428.40422,86,55790.39931
339.152729,79,55791.58935
976.024575,156,55793.986012
235.238434,50,55794.738492
174.206392,38,55795.304821
462.368605,104,55796.874107
1189.733799,203,55799.935571
332.292542,75,55801.067882
638.139441,124,55802.950418
353.777618,74,55804.06605
410.715918,74,55805.179302
1239.581151,193,55808.09918
497.825118,93,55809.504223
381.328566,72,55810.592411
221.813894,43,55811.242587
1508.79578,210,55814.417931
667.09456,122,55816.261412
598.131639,104,55817.815385
11692.543468,1000,55832.86575
545.275429,104,55834.424766
311.182016,68,55835.442461
824.780478,124,55837.297348
591.858104,106,55838.903971
609.123121,119,55840.687841
506.007621,101,55842.204425
705.983107,118,55843.986893
11812.013509,1000,55858.995529
12227.350231,1000,55873.971415
505.770238,78,55875.160458
12698.393094,1000,55890.162147
668.604055,130,55892.111991
566.540945,101,55893.660559
1028.883293,178,55896.335515
734.203669,123,55898.187062
458.707714,97,55899.640025
289.032412,61,55900.559623
266.053701,52,55901.333602
635.347195,103,55902.891483
372.212155,73,55904.001742
1318.609021,233,55907.50665
739.149138,128,55909.425951
530.428405,97,55910.876589
422.036993,79,55912.054778
723.928864,122,55913.911371
859.401008,145,55916.08297
1185.930949,178,55918.749406
390.490427,79,55919.927138
11590.552941,1000,55934.933913
1682.06608,243,55938.5879
720.405986,122,55940.426254
12002.4175,1000,55955.465463
241.204308,45,55956.138993
624.648892,115,55957.86524
12672.977605,1000,55972.843245
12746.538694,1000,55987.898249
12717.778354,1000,56002.894343
12520.590805,1000,56017.955639
12677.575246,1000,56032.966352
12759.073084,1000,56048.019071
12681.334992,1000,56063.061803
685.304362,117,56064.825042
558.078744,114,56066.553305
1118.164683,203,56069.611521
477.380283,84,56070.874042
413.749217,77,56072.030668
12292.039659,1000,56087.076156
742.248687,141,56089.180583
342.863012,63,56090.134959
284.658575,56,56090.993983
307.874016,59,56091.870536
322.952975,63,56092.827194
754.152666,130,56094.803786
519.631551,90,56096.159329
304.394854,61,56097.070339
737.688044,117,56098.83866
278.745753,56,56099.675172
507.688076,91,56101.047542
415.316026,82,56102.275085
799.541816,135,56104.326674
929.61941,182,56107.061543
494.928906,101,56108.578112
769.586607,140,56110.698854
357.896829,67,56111.702978
217.283009,40,56112.308672
545.107443,105,56113.893064
330.520671,60,56114.794527
320.916301,61,56115.708259
232.439407,42,56116.33555
12013.568169,1000,56131.605562
12577.604687,1000,56146.586751
292.307044,54,56147.389838
646.82451,115,56149.113116
945.762488,148,56151.328247
372.8489,70,56152.368031
351.76898,65,56153.337279
417.547738,76,56154.495449
565.982491,99,56155.992839
348.264192,63,56156.934749
367.451786,68,56157.962229
366.672304,70,56159.011105
1312.43792,190,56161.8619
440.185122,86,56163.149227
377.255106,73,56164.247128
316.028614,58,56165.11179
12678.483057,1000,56180.070481
12506.560242,1000,56195.004345
12503.092015,1000,56209.97061
12128.629704,1000,56224.918212
396.462011,77,56226.088179
12420.218305,1000,56241.047523
12220.412899,1000,56255.975904
468.643253,98,56257.445233
12140.787555,1000,56272.412246
345.769779,67,56273.408545
808.95984,135,56275.445519
482.014954,92,56276.819361
433.308367,76,56277.959363
628.74842,116,56279.701545
403.436093,73,56280.795968
352.597192,67,56281.797494
321.468598,55,56282.625792
12419.529442,1000,56297.539606
296.577574,53,56298.333168
1038.329741,208,56301.453302
260.005851,48,56302.170022
240.340761,45,56302.841602
456.188118,80,56304.051437
419.319433,80,56305.25048
710.747626,132,56307.234785
431.237921,76,56308.373722
270.027455,49,56309.102956
654.767156,107,56310.701292
911.77087,160,56313.099543
419.695896,73,56314.192859
364.340594,62,56315.125724
603.131168,97,56316.571079
858.058307,147,56318.771862
498.774972,94,56320.227529
12061.285182,1000,56335.176881
306.492342,62,56336.099476
543.820319,96,56337.532399
483.452356,95,56338.959729
696.360133,127,56340.846628
1202.410673,193,56343.732194
12734.597661,1000,56358.631818
12601.920703,1000,56373.513448
12662.713334,1000,56388.448962
192.248662,35,56388.964583
845.796209,109,56390.602204
392.285925,75,56391.718192
384.51129,58,56392.583764
192.604937,35,56393.114333
12700.548994,1000,56408.02974
640.671036,131,56409.99613
12701.413145,1000,56424.893123
426.378612,83,56426.135338
12009.700223,1000,56441.012425
11987.088882,1000,56456.001735
154.955955,29,56456.44926
184.876793,33,56456.948735
143.548668,27,56457.351742
183.2141,37,56457.905
12260.08453,1000,56472.861052
485.881116,95,56474.28709
683.916124,135,56476.307562
329.424158,67,56477.315191
637.410319,112,56478.99748
277.982563,59,56479.884108
300.822784,59,56480.776641
648.135658,115,56482.504867
424.079029,95,56483.926281
410.845372,81,56485.135199
429.342093,87,56486.438141
364.570339,73,56487.534778
12204.617433,1000,56502.469525
639.813311,115,56504.239702
506.43206,102,56505.771349
563.389661,106,56507.369556
443.192732,84,56508.641083
355.438495,73,56509.731834
353.959278,73,56510.823156
332.894451,63,56511.765018
252.650289,49,56512.492701
396.873636,84,56513.774334
638.996313,113,56515.474676
612.87531,124,56517.330968
525.702134,98,56518.791598
419.848632,79,56519.971126
1023.294879,197,56522.954882
379.193949,78,56524.118194
12441.315909,1000,56539.072256
783.469909,137,56541.127473
806.687516,131,56543.097393
324.529965,56,56543.930595
12279.475837,1000,56558.86911
383.155545,79,56560.049013
383.859392,65,56561.035579
518.111617,98,56562.507257
468.488003,82,56563.756601
637.292731,138,56565.857104
405.215979,77,56567.006182
359.454402,69,56568.037308
417.716634,87,56569.338259
655.887844,98,56570.804564
186.987313,36,56571.344499
190.349286,37,56571.900117
12311.330558,1000,56586.838158
501.962736,97,56588.297801
647.073977,105,56589.882715
354.477355,71,56590.94863
320.351996,62,56591.871029
298.22761,58,56592.747618
348.26111,76,56593.887559
724.159862,140,56595.992489
488.979889,103,56597.538427
376.614747,80,56598.73822
660.556772,120,56600.552317
557.534811,102,56602.085617
581.825334,94,56603.522115
12374.251035,1000,56618.483196
236.024318,44,56619.138244
332.02541,58,56620.00981
323.266249,57,56620.860443
338.320769,62,56621.787398
355.743669,58,56622.653951
217.737326,41,56623.264711
12388.973412,1000,56638.28038
230.678836,44,56638.937382
582.813179,96,56640.373923
11996.02746,1000,56655.32681
417.434019,69,56656.358337
306.427599,53,56657.156593
355.66911,61,56658.075512
507.93986,87,56659.377493
424.08966,71,56660.439088
334.503578,64,56661.403018
484.378354,84,56662.666342
347.115431,59,56663.552987
516.591241,105,56665.132212
12306.956536,1000,56680.063934
200.305113,37,56680.623983
394.68051,73,56681.712183
650.965421,97,56683.161085
384.435204,65,56684.134676
227.345245,41,56684.745445
282.154593,50,56685.495345
296.957021,53,56686.329645
268.813144,48,56687.047033
546.993986,86,56688.346891
380.370679,68,56689.363772
338.821334,60,56690.256848
160.572549,31,56690.720143
556.820428,89,56692.050935
543.368671,99,56693.563433
260.497869,50,56694.303339
149.762297,30,56694.755838
396.562138,70,56695.799989
275.752426,50,56696.554935
307.406564,57,56697.416598
293.770693,53,56698.217231
12691.767188,1000,56713.142577
667.551428,99,56714.627235
12529.115528,1000,56729.586813
776.266685,113,56731.282188
12512.475714,1000,56746.243448
521.713703,82,56747.507389
1120.551078,157,56749.849306
12362.851737,1000,56764.882092
636.191028,130,56766.851892
11651.417875,1000,56781.953675
11567.373665,1000,56796.99329
820.832684,167,56799.500614
230.7211,47,56800.22574
409.178826,78,56801.399803
381.949493,77,56802.570478
673.812783,139,56804.673557
314.319483,62,56805.605628
12097.561949,1000,56820.705936
297.064857,57,56821.585304
625.269713,131,56823.561574
422.614024,81,56824.778543
300.4113,59,56825.674702
195.128781,38,56826.243047
336.243393,67,56827.267408
400.335271,76,56828.417646
268.664416,52,56829.203696
325.506818,66,56830.200349
704.239475,127,56832.115817
479.402694,90,56833.485851
315.159655,63,56834.434698
737.558256,126,56836.33731
11408.031649,1000,56851.360016
380.738603,75,56852.494181
1087.305646,184,56855.259891
404.749004,79,56856.45482
358.964007,75,56857.593764
439.245233,92,56858.990043
621.394943,105,56860.566322
308.963614,66,56861.574732
427.520856,81,56862.788628
404.037155,72,56863.872997
647.823499,127,56865.781069
344.49836,66,56866.777742
361.641942,70,56867.826126
1059.487504,217,56871.136911
329.750487,66,56872.127225
12093.608987,1000,56887.155265
376.145054,77,56888.320143
12033.31254,1000,56903.352766
323.475509,59,56904.237771
216.597173,40,56904.839504
480.504194,96,56906.281664
505.412927,80,56907.497653
894.346748,142,56909.637779
963.888239,173,56912.237665
722.746958,119,56914.022353
846.873839,147,56916.273632
380.164486,64,56917.238425
863.738917,139,56919.358195
365.170168,65,56920.3254
913.73824,152,56922.618053
540.974756,86,56923.90768
458.380945,78,56925.076873
762.522713,112,56926.766157
423.249821,89,56928.105234
572.212761,103,56929.657679
1113.965743,157,56932.06501
819.032525,129,56934.032553
433.092792,94,56935.461454
557.55451,107,56937.079742
426.251637,92,56938.457686
497.62374,87,56939.770622
1300.38906,204,56942.837883
439.266612,83,56944.089804
1151.096539,199,56947.08597
893.729625,129,56949.040111
11778.267388,1000,56964.048321
421.118481,80,56965.244948
12519.101995,1000,56980.247977
834.09103,139,56982.35519
11434.675813,1000,56997.427903
12714.827315,1000,57012.423293
250.457324,48,57013.143157
12701.659987,1000,57028.141993
787.561477,126,57030.037518
563.847046,109,57031.699091
367.351812,66,57032.691764
602.013152,118,57034.474327
782.262579,128,57036.420657
600.072331,124,57038.290473
1529.517826,206,57041.398648
1495.125793,242,57045.041263
12139.730502,1000,57060.129503
437.729376,77,57061.292835
12221.219003,1000,57076.278563
816.336593,118,57078.048865
12227.40575,1000,57092.983128
12757.08846,1000,57107.955782
296.486001,52,57108.748003
277.324298,50,57109.493526
688.596449,120,57111.282366
279.160491,51,57112.062366
515.385764,96,57113.532599
12493.439969,1000,57128.493271
374.659359,65,57129.469915
2045.296827,270,57133.525726
422.881262,75,57134.649741
225.773546,42,57135.279261
559.187012,94,57136.696643
12279.937803,1000,57151.680679
471.077156,92,57153.065657
1119.781948,161,57155.493905
12491.365357,1000,57170.48147
791.717165,134,57172.479805
12466.83479,1000,57189.560074
313.89239,57,57190.413747
12380.151604,1000,57205.376063
218.873868,41,57205.997571
808.912193,133,57207.999892
12313.011091,1000,57222.957642
986.295559,180,57225.654161
964.06827,164,57228.117419
323.53687,67,57229.124018
97.96731,20,57229.422325
246.39451,50,57230.167315
11960.14477,1000,57245.187662
326.290762,61,57246.099942
529.006136,105,57247.68199
489.566005,85,57248.960748
499.804102,84,57250.219751
236.437874,44,57250.881437
599.17934,106,57252.483081
215.728777,44,57253.137981
488.414197,98,57254.608579
12448.983426,1000,57269.586364
376.663851,63,57270.531702
756.109158,120,57272.325577
12492.329735,1000,57287.30263
277.188844,48,57288.024883
12576.8886,1000,57303.025546
12114.781325,1000,57318.013561
322.000407,58,57318.88858
12553.97956,1000,57333.849553
596.628929,104,57335.406949
536.722782,93,57336.801815
889.443127,123,57338.640209
12268.801726,1000,57353.603359
612.569556,109,57355.237394
12166.854247,1000,57370.265812
529.678921,121,57372.081411
12241.354202,1000,57387.023993
424.622459,91,57388.395617
492.353421,102,57389.932559
12041.677234,1000,57404.930011
1162.630201,193,57407.82646
476.743849,101,57409.348028
816.640815,149,57411.585241
489.774441,90,57412.929564
419.836349,90,57414.297795
11865.640706,1000,57429.342865
814.493053,157,57431.727344
544.139112,119,57433.512049
812.580238,157,57435.882899
1137.931373,211,57439.055145
324.481891,60,57439.959457
478.170412,88,57441.282699
12280.258621,1000,57456.285443
948.204703,154,57458.612626
428.030356,88,57459.94759
308.544877,57,57460.808152
291.757215,57,57461.655851
338.0954,64,57462.624209
259.92286,49,57463.365099
408.527051,79,57464.552089
420.096821,83,57465.801583
701.001012,129,57467.745951
1151.197955,201,57470.78476
333.716798,63,57471.727047
728.679064,129,57473.671997
560.499568,121,57475.506995
497.993069,104,57477.090832
304.499866,57,57477.944482
667.017607,121,57479.803423
1177.740048,184,57482.579961
611.5017,110,57484.227564
379.684796,68,57485.247484
748.216975,146,57487.443047
1006.072696,173,57490.059066
307.176962,58,57490.938833
519.068678,103,57492.492245
704.37664,137,57494.561091
300.059068,57,57495.411783
357.632135,68,57496.426085
405.507118,79,57497.614353
374.895324,69,57498.651697
802.215275,143,57500.812801
303.112682,59,57501.696886
378.025965,73,57502.79409
365.51658,72,57503.879035
724.225436,140,57505.986617
314.375098,58,57506.866715
438.64391,93,57508.266608
461.105346,101,57509.788139
12284.947451,1000,57524.788216
366.507816,74,57525.908134
260.953086,47,57526.60947
235.221402,45,57527.281494
478.478737,113,57528.988809
436.942613,76,57530.143793
550.126326,95,57531.579229
386.430242,71,57532.642857
832.183275,162,57535.074413
622.124269,121,57536.912014
660.266021,116,57538.664278
963.861007,141,57540.812929
12007.331995,1000,57555.81454
869.05722,163,57558.273391
337.886833,61,57559.191623
1449.921952,212,57562.393456
1721.628611,255,57566.246664
271.152104,51,57567.013109
483.868133,94,57568.429668
389.629825,80,57569.628051
427.377619,78,57570.794888
289.321471,57,57571.649598
305.946981,54,57572.45947
489.575097,86,57573.749515
663.098841,122,57575.57951
11415.855085,1000,57590.650385
262.190619,49,57591.395389
503.78914,102,57592.936992
644.96502,115,57594.665216
549.883502,104,57596.240885
615.059387,116,57598.00521
574.131745,108,57599.628374
486.00986,97,57601.100674
265.958413,51,57601.894936
514.235151,100,57603.411577
811.67234,141,57605.52966
1201.31386,167,57608.041302
363.369415,65,57609.011626
375.93407,69,57610.051969
369.224607,73,57611.145514
385.322916,67,57612.161847
417.192098,85,57613.444286
698.705652,119,57615.242958
496.896365,82,57616.477971
520.002768,91,57617.842669
1190.783647,172,57620.43982
306.155334,58,57621.311694
588.210175,133,57623.31242
809.767468,148,57625.551226
345.417869,70,57626.607819
508.617917,99,57628.097112
454.541536,101,57629.613853
226.064551,49,57630.353722
220.378519,47,57631.073635
558.31464,105,57632.636957
295.353454,63,57633.588566
228.190718,48,57634.312977
511.565687,112,57635.993559
378.16428,88,57637.327777
646.283127,125,57639.209951
588.778708,109,57640.844987
262.379807,56,57641.692206
267.189599,58,57642.56162
583.093656,92,57643.955811
348.276053,72,57645.033724
464.11092,85,57646.320692
538.719171,106,57647.91793
587.614631,105,57649.514637
11439.060158,1000,57664.582244
11855.344654,1000,57679.578275
11995.917527,1000,57694.589394
424.275868,81,57695.808456
545.155572,98,57697.289247
771.216471,129,57699.224141
626.971568,116,57700.972408
389.139524,83,57702.225699
775.216886,133,57704.210557
401.490422,76,57705.35316
514.576228,102,57706.890544
785.081019,130,57708.835136
1052.188383,215,57712.062359
444.00922,82,57713.285251
426.631127,79,57714.468477
462.867946,91,57715.829529
381.431442,88,57717.17522
12022.06429,1000,57732.195508
11897.984765,1000,57747.157009
250.591591,46,57747.848781
593.243272,100,57749.345386
12068.503563,1000,57764.311769
664.969491,125,57766.1774
12465.698192,1000,57781.15265
509.327832,87,57782.45085
11945.906941,1000,57797.443377
618.725256,127,57799.33754
659.41254,110,57801.014813
453.965957,86,57802.304823
562.38983,113,57803.997516
12628.004897,1000,57818.966707
460.836316,82,57820.199067
743.081895,115,57821.928982
294.719212,52,57822.711226
12485.204136,1000,57837.681985
547.159165,85,57838.94687
774.313031,133,57840.95322
12376.678762,1000,57855.957002
661.012663,107,57857.556886
524.230183,81,57858.773513
12319.148847,1000,57873.766797
1225.496921,176,57876.396766
523.880126,84,57877.661575
1097.456525,181,57880.373157
616.136696,95,57881.809826
531.029288,85,57883.080664
616.981897,102,57884.611322
475.56217,83,57885.866607
12318.361377,1000,57900.833994
478.011007,79,57902.015981
12550.168781,1000,57917.03316
12509.247897,1000,57932.006006
689.911549,105,57933.572301
249.31475,45,57934.249211
1441.598895,195,57937.175186
649.511094,122,57939.003489
548.175943,89,57940.337939
534.43684,89,57941.678885
496.180264,91,57943.041269
655.934555,114,57944.741952
496.363376,96,57946.178249
12279.267858,1000,57961.15137
11984.093223,1000,57976.172113
12467.643532,1000,57991.145136
337.499329,66,57992.141754
12446.556455,1000,58007.081076
376.724943,67,58008.09697
595.614635,106,58009.695085
12454.733554,1000,58024.686701
502.185969,104,58026.257109
11822.592719,1000,58041.308025
1147.783668,205,58044.387326
381.780715,71,58045.450104
574.263996,104,58047.027806
378.198124,81,58048.251059
687.534856,107,58049.854276
805.316043,148,58052.083169
452.875719,84,58053.362474
12326.793179,1000,58068.365203
3439.003755,434,58074.889896
371.574122,66,58075.887108
503.688881,88,58077.226434
750.116612,152,58079.502423
751.581107,139,58081.603076
411.303677,78,58082.776381
627.81622,122,58084.619286
447.87261,76,58085.76316
435.659024,74,58086.900418
362.084798,65,58087.875745
503.494123,85,58089.160258
416.572624,73,58090.291068
605.279199,114,58092.019163
572.065983,102,58093.568346
496.093613,88,58094.890682
471.898007,93,58096.284985
449.155492,87,58097.602258
12318.222116,1000,58112.631825
605.817857,104,58114.206588
517.76153,92,58115.58983
440.084955,84,58116.862284
487.095525,91,58118.233153
581.857231,106,58119.829729
434.682343,75,58120.961615
832.534644,141,58123.094568
760.678213,136,58125.139499
566.666929,103,58126.68619
357.082782,63,58127.634322
604.052136,101,58129.171082
341.987692,64,58130.127599
780.25216,142,58132.269173
728.366849,136,58134.313057
549.408905,99,58135.804188
1667.812604,266,58139.806256
737.535441,130,58141.761236
11955.550923,1000,58156.818157
191.161074,37,58157.379732
12729.03286,1000,58172.385817
646.333583,121,58174.219102
1166.69245,193,58177.119243
12459.004591,1000,58192.122291
360.9038,72,58193.204837
265.055386,53,58194.00332
299.918026,58,58194.874824
461.258731,84,58196.149801
376.933443,75,58197.29976
115.727,22,58197.630798
359.885914,73,58198.730413
267.502907,57,58199.603328
371.220947,71,58200.671217
362.324703,75,58201.792914
121.318149,23,58202.141168
554.581227,98,58203.618085
260.493385,53,58204.412814
283.836117,57,58205.269423
119.626208,23,58205.616066
396.933017,77,58206.78106
297.740902,59,58207.6626
346.479441,67,58208.679613
227.359266,45,58209.352193
293.146005,61,58210.270272
281.217632,56,58211.107465
494.330234,96,58212.60249
298.636115,59,58213.489094
395.820057,76,58214.637043
2328.519994,280,58218.84088
561.94304,116,58220.593763
514.931153,98,58222.069633
417.54379,81,58223.313617
596.008321,116,58225.056943
573.917108,110,58226.711956
491.523683,90,58228.070149
12217.260005,1000,58243.079387
12713.094565,1000,58258.0789
1399.030921,187,58260.890503
604.630732,125,58262.77243
748.152438,156,58265.121897
523.010025,120,58266.936883
962.737711,157,58269.307338
333.005825,72,58270.398943
342.259657,75,58271.526571
492.161288,102,58273.111498
1312.591535,217,58276.360443
320.997264,76,58277.512083
260.168586,56,58278.353
1348.252116,237,58281.946933
444.531158,89,58283.283154
456.497233,92,58284.66293
853.088482,148,58286.899293
823.743712,137,58288.974255
768.911685,123,58290.826622
832.278768,132,58292.822476
12107.13102,1000,58307.842685
528.899068,92,58309.228335
185.902819,36,58309.774216
12224.275028,1000,58324.782731
350.488284,77,58325.942528
372.483297,84,58327.209616
722.673301,121,58329.037773
246.912061,51,58329.794149
511.60543,103,58331.349082
223.932519,44,58332.062401
557.986914,99,58333.582376
785.475696,144,58335.764677
561.449427,104,58337.323168
391.908043,67,58338.31888
11900.364304,1000,58353.279856
895.011546,168,58355.801829
471.849082,102,58357.348957
519.480927,103,58358.890966
12720.246053,1000,58373.860013
12614.676074,1000,58388.813336
12381.584192,1000,58403.83731
281.769763,71,58404.895169
12619.514631,1000,58419.830305
926.778377,145,58421.996879
461.844995,88,58423.337533
561.667001,109,58424.966441
995.603664,162,58427.398309
11447.330852,1000,58442.376971
437.508832,79,58443.560118
888.408712,155,58445.884266
11657.634793,1000,58460.893592
755.837423,137,58462.945162
624.970864,143,58465.0868
693.678906,136,58467.134331
519.830066,111,58468.804976
420.133523,85,58470.074863
12049.887609,1000,58485.057607
470.816303,104,58486.62349
604.491023,138,58488.685114
877.148523,166,58491.16845
398.499609,91,58492.528987
546.097942,120,58494.342267
587.927876,123,58496.181126
683.849699,147,58498.398682
414.985166,87,58499.713028
345.321896,78,58500.871978
481.505244,103,58502.429538
279.858119,60,58503.329848
497.14603,96,58504.766794
352.361275,80,58505.961707
699.848032,123,58507.80002
298.91871,68,58508.824893
437.79543,96,58510.257944
751.669894,169,58512.793086
511.711094,115,58514.51632
524.593983,112,58516.198153
332.673887,72,58517.327868
454.862726,96,58518.773636
11917.469558,1000,58533.728362
12316.370989,1000,58548.682554
12573.194392,1000,58563.672719
11160.387185,901,58577.132053
12544.280964,1000,58592.121365
476.066396,79,58593.306319
12258.953983,1000,58608.250765
7140.011882,617,58617.49266
426.826109,79,58618.681985
1034.310723,175,58621.31016
422.192352,83,58622.550213
11994.494442,1000,58637.487787
12375.224728,1000,58652.49815
528.566507,87,58653.802208
866.27764,158,58656.190343
783.153812,119,58657.973104
570.833822,101,58659.489656
734.037847,126,58661.388473
595.074193,109,58663.043355
629.960147,115,58664.776623
573.870808,104,58666.341543
12188.270852,1000,58681.337605
12537.832918,1000,58696.326487
12509.70392,1000,58711.349704
347.09312,67,58712.363642
738.990311,128,58714.287051
506.202332,94,58715.70614
12412.543541,1000,58730.693861
458.164892,80,58731.898715
865.53535,151,58734.169126
952.512194,143,58736.30302
11804.099026,1000,58751.317971
368.894941,69,58752.356968
12101.552082,1000,58767.42589
425.652338,78,58768.606598
416.373763,76,58769.750521
495.561294,103,58771.296502
721.604699,126,58773.178627
505.724528,100,58774.693277
12093.191564,1000,58789.708008
560.312631,111,58791.373096
349.368329,74,58792.479671
891.164089,177,58795.156112
725.27798,120,58796.961935
547.939135,99,58798.471256
455.399541,85,58799.757654
506.592317,93,58801.165143
11881.190598,1000,58816.16564
818.229511,152,58818.462524
502.256376,108,58820.095111
489.556943,93,58821.495102
1077.395877,197,58824.506788
450.553713,80,58825.71224
420.290335,74,58826.821463
495.628424,94,58828.236405
486.999015,100,58829.748078
743.336086,144,58831.914601
472.613591,97,58833.370492
387.935823,79,58834.576529
692.013106,124,58836.454408
303.322514,61,58837.376657
375.83498,62,58838.302676
916.630236,149,58840.543969
275.198518,49,58841.283419
404.868282,71,58842.361766
578.740923,98,58843.839126
229.680201,47,58844.553778
383.932774,75,58845.674095
241.390542,45,58846.353309
419.949023,90,58847.715566
396.666807,83,58848.96988
585.731558,117,58850.723191
709.995963,127,58852.629735
630.433081,108,58854.252143
429.830873,87,58855.569698
598.692048,110,58857.216211
738.387837,151,58859.509819
408.019499,78,58860.684676
474.662665,100,58862.202763
618.536521,123,58864.05265
396.704949,88,58865.380221
235.124631,45,58866.053134
527.723759,105,58867.648725
318.699408,57,58868.502331
439.982169,86,58869.797361
480.910545,97,58871.257972
419.747438,86,58872.552883
408.456663,85,58873.84785
10827.081735,1000,58888.933843
563.823777,95,58890.353918
787.686694,134,58892.378696
738.287859,128,58894.308692
820.135951,161,58896.72682
249.784137,45,58897.403637
418.68451,75,58898.532809
12169.119162,1000,58913.523744
367.530259,77,58914.672879
330.798841,57,58915.534385
327.419219,57,58916.406019
230.863184,43,58917.056118
399.532109,71,58918.136916
497.353678,86,58919.431952
411.863449,67,58920.437534
917.35467,158,58922.805807
415.504732,81,58924.025726
12124.380812,1000,58939.029086
500.407173,82,58940.25502
692.505435,117,58942.03259
12045.909012,1000,58957.065955
549.519894,117,58958.824235
12253.062471,1000,58973.788056
487.488089,75,58974.918114
391.505457,65,58975.89352
107.29005,21,58976.212807
330.917348,55,58977.028837
543.81661,89,58978.376835
585.001661,89,58979.711656
299.395292,51,58980.477981
265.927438,46,58981.185251
12304.297776,1000,58996.137651
385.823731,67,58997.144271
12221.559868,1000,59012.140688
12242.731613,1000,59027.101364
342.015821,59,59027.997978
984.439104,168,59030.512265
1125.475363,207,59033.60615
127.763529,25,59033.978573
508.031294,86,59035.278655
12300.909775,1000,59050.264668
1308.167882,192,59053.144761
476.51112,82,59054.378511
539.741716,100,59055.881109
370.115991,73,59056.968386
332.117009,72,59058.038728
531.113689,103,59059.578362
638.494104,117,59061.341628
392.280274,76,59062.480095
644.580924,128,59064.396564
658.692636,107,59066.0174
449.956079,93,59067.450983
333.595651,61,59068.373271
802.087135,147,59070.582707
239.601101,51,59071.347124
416.425132,79,59072.534605
11550.837964,1000,59087.505433
339.958079,64,59088.465066
365.053609,76,59089.600493
614.460302,121,59091.410309
1054.237261,161,59093.833526
564.959186,114,59095.536766
652.468551,132,59097.522609
11815.690278,1000,59112.509356
349.558565,78,59113.687753
12062.751571,1000,59128.714579
760.701689,142,59130.845382
946.556588,171,59133.405218
543.949895,107,59135.006365
626.361434,124,59136.863767
11732.789591,1000,59151.824198
508.61353,113,59153.508372
405.701868,93,59154.899291
11976.721429,1000,59169.862823
421.832664,84,59171.126971
12029.806219,1000,59186.100252
783.223915,130,59188.062862
12485.498777,1000,59203.045595
378.593771,69,59204.083223
11342.478317,1000,59219.027548
574.030127,110,59220.690835
464.327915,85,59221.961434
1041.407883,182,59224.685951
743.627431,166,59227.181664
575.531921,121,59228.998811
12458.79014,1000,59243.973514
519.23176,99,59245.452236
966.681769,158,59247.822047
11596.80751,1000,59262.826512
12212.941979,1000,59277.795744
11768.081541,1000,59292.846784
12427.752337,1000,59307.904482
560.926735,100,59309.412738
11873.901063,1000,59324.518113
489.161302,90,59325.860479
739.461709,99,59327.353069
420.008386,75,59328.490333
12528.733148,1000,59343.541304
337.630625,65,59344.519656
746.465965,128,59346.449512
12543.323041,1000,59361.535563
12013.361258,1000,59376.63103
12128.391429,1000,59391.779047
433.328235,79,59393.007614
12435.21294,1000,59408.134232
565.284127,109,59409.78018
353.813806,61,59410.707635
12242.086622,1000,59425.747883
12683.321523,1000,59440.811422
12598.485958,1000,59455.861
370.492148,61,59456.79822
682.813774,105,59458.384876
1268.521945,168,59460.951277
104.784187,21,59461.272476
106.457144,21,59461.589089
12499.454858,1000,59476.619032
94.297167,19,59476.908372
12566.185322,1000,59491.962687
606.551431,97,59493.459012
441.101845,90,59494.808276
110.073692,22,59495.152437
1135.477871,168,59497.683892
566.424147,88,59499.010404
12544.610348,1000,59514.07409
486.27845,85,59515.359053
429.451536,80,59516.564073
11558.299677,1000,59531.608101
12182.577593,1000,59546.674391
645.396371,111,59548.346897
490.812063,84,59549.622577
1136.282444,176,59552.290834
484.031602,89,59553.63516
390.48536,69,59554.709102
599.480844,113,59556.412425
642.907819,123,59558.277223
379.921972,69,59559.326508
478.325852,83,59560.579628
910.561283,138,59562.657023
533.464795,98,59564.141129
450.437798,97,59565.606622
720.549117,112,59567.301309
699.01977,119,59569.108598
645.630633,111,59570.785694
11824.139283,1000,59585.821733
316.671263,67,59586.834082
601.326906,129,59588.783044
404.120164,73,59589.884249
406.516448,75,59591.012547
953.668762,180,59593.72819
811.126818,147,59595.962403
889.542556,137,59598.043931
457.076113,86,59599.343883
326.061534,71,59600.42715
325.105443,71,59601.500441
427.729461,95,59602.94952
560.675445,102,59604.500004
429.974004,85,59605.78447
606.727582,100,59607.287856
527.218122,101,59608.832139
391.949839,78,59610.018343
439.874115,79,59611.217513
708.59794,119,59613.017364
460.096176,81,59614.240153
907.39487,158,59616.664769
489.050966,87,59617.979714
449.402144,84,59619.259687
323.184838,65,59620.248037
762.297305,130,59622.220568
12224.350095,1000,59637.297672
436.07654,77,59638.455734
220.745868,47,59639.180605
495.964953,86,59640.500394
672.390023,127,59642.41537
417.303684,72,59643.503648
303.28999,53,59644.300502
222.344462,41,59644.928599
12388.026658,1000,59659.972997
1218.074232,188,59662.821141
361.374926,68,59663.85784
11629.520644,1000,59678.951421
571.366033,97,59680.4341
512.185385,99,59681.927005
583.811287,103,59683.501879
515.242742,102,59685.037892
417.880461,77,59686.211242
1169.034754,200,59689.230711
254.27724,48,59689.962433
410.430763,83,59691.218305
424.320433,75,59692.350923
306.440321,60,59693.258301
254.244211,47,59693.974182
468.525122,93,59695.379542
12617.355072,1000,59710.490898
12649.690197,1000,59725.555196
2817.353183,324,59730.705635
12570.986737,1000,59745.7894
12569.387114,1000,59760.873687
352.531668,76,59762.041371
303.402912,64,59763.016264
216.263492,45,59763.693561
933.378109,173,59766.308515
255.936357,53,59767.114454
328.657141,69,59768.15176
315.400518,61,59769.087047
368.395889,75,59770.223313
360.520896,75,59771.353197
248.761476,51,59772.122265
277.955797,59,59773.009913
248.69822,53,59773.816669
661.547855,137,59775.898068
321.318816,67,59776.923137
300.778261,60,59777.830637
405.736935,82,59779.064575
1164.490552,212,59782.284192
281.59481,57,59783.143384
823.580754,162,59785.594349
812.815939,167,59788.135816
411.503492,86,59789.442215
323.939094,67,59790.447465
442.236981,85,59791.747052
404.926837,80,59792.972311
495.359325,90,59794.324389
321.021505,66,59795.320702
339.852574,66,59796.317238
684.100209,142,59798.493791
554.164231,109,59800.16475
780.229908,150,59802.428257
472.34388,93,59803.836836
515.581969,91,59805.208822
318.962969,67,59806.220098
657.009633,123,59808.096714
1083.696899,214,59811.329578
12110.793559,1000,59826.427588
628.42731,111,59828.104203
1262.639507,189,59830.95243
12102.56291,1000,59846.036749
287.239287,61,59846.958385
340.169351,63,59847.923362
12134.784161,1000,59863.011114
664.117271,112,59864.702654
12207.175176,1000,59879.778697
696.967413,118,59881.556907
814.229939,135,59883.618505
1595.730816,192,59886.510715
11764.115763,1000,59901.574748
699.315411,115,59903.309014
12265.775307,1000,59918.356364
694.989645,127,59920.284604
908.381128,149,59922.572907
763.248133,119,59924.369336
596.056029,100,59925.899407
12240.30266,1000,59940.940419
12416.471018,1000,59956.001387
277.267116,50,59956.756434
175.43666,33,59957.255413
12263.294497,1000,59972.319738
557.573447,99,59973.821408
346.064619,60,59974.733819
1463.271808,217,59978.001826
781.910764,123,59979.854804
724.523009,115,59981.651849
1083.666693,161,59984.091905
791.609316,125,59985.974265
12082.587541,1000,60001.020222
12280.809371,1000,60016.064566
452.756574,78,60017.240516
11829.152813,1000,60032.27602
12374.254029,1000,60047.37257
546.264353,103,60048.934925
576.900401,111,60050.615963
430.447204,86,60051.91486
330.484857,74,60053.024382
881.344589,159,60055.41956
402.540515,78,60056.59122
596.822215,130,60058.546111
537.022015,115,60060.284349
454.44059,95,60061.721077
2788.049295,409,60067.911168
438.708092,91,60069.284043
402.52079,81,60070.501732
587.645567,100,60072.017908
329.683491,75,60073.155632
425.781663,77,60074.314596
350.186904,70,60075.363062
498.173761,90,60076.713826
646.196387,123,60078.576955
1145.944984,176,60081.234787
798.607032,137,60083.298416
12554.101418,1000,60098.323141
12153.240106,1000,60113.414799
543.403356,96,60114.870611
244.685274,52,60115.65471
1244.825834,206,60118.765327
1417.121409,246,60122.477473
602.892902,127,60124.41585
424.881276,85,60125.700743
1089.129475,196,60128.668763
511.440618,89,60129.994771
273.601601,56,60130.851401
1424.452046,246,60134.557911
599.761473,96,60136.01807
491.681984,92,60137.410385
456.847183,80,60138.628472
571.78769,101,60140.149021
678.770383,129,60142.106662
148.444333,30,60142.555957
391.519859,71,60143.633238
1065.376999,173,60146.238052
385.22501,76,60147.381809
575.569154,100,60148.906634
1028.056779,196,60151.877183
485.148521,87,60153.182106
836.860942,138,60155.271289
587.526641,98,60156.743738
450.389912,96,60158.191338
1301.609117,234,60161.7202
1062.067566,187,60164.546653
432.951314,91,60165.953223
482.640864,93,60167.35324
390.600848,80,60168.568177
420.574018,90,60169.941766
283.490148,59,60170.833104
460.976119,95,60172.275382
768.211955,158,60174.664165
737.152301,157,60177.025223
313.362318,62,60177.962822
763.498847,145,60180.149508
395.146039,77,60181.324286
271.769978,57,60182.185901
243.109492,56,60183.031549
